序号,角色id,席名/中文名,几何组,现有源文件,可复用部件,骨骼数,manifest顶点,GLB_POSITION总数,造型开关,配色(Wool/Hair/Skin),轮廓,服装,个人标识,现有动画,运行加载点,参考图,可识别性检查项,尚缺表现,Phase3顺序,依赖,证据(文件:行)
1,dock-braggart,货运桌左席,A（4 人共用，hat=True）,"assets/blender/characters/build_characters.py:9（CAST 第 1 条）+:33-36,49-69,92,102-113；assets/blender/characters/dock-braggart.blend（可编辑源，14 骨 + 1 蒙皮网格 + 贴图内嵌，assets/blender/characters/README.md:5）；Godot/three_d/assets/characters/dock-braggart.glb；Godot/three_d/assets/characters/manifest.json",与同组 river-shark、smiling-knife、ash-smuggler 当前几何一致（同一循环 build_characters.py:33 生成、算法相同，不是同一份网格）；14 骨骼 rig（Godot/three_d/tests/characters_test.gd:19 断言）；4 段剪辑 idle/bet/win/fold；材质库（Wool / Hair / Skin / Ivory cotton / Polished leather / Brass，build_characters.py:33-92）；assets/blender/characters/dock-braggart.blend 为**独立可编辑源**，改本角色不需要动别人,14,40282,41463,hat=True,"Wool(0.130,0.085,0.045) / Hair(0.035,0.023,0.015) / Skin(0.380,0.230,0.150)",坐姿；礼帽（Felt hat brim + Hat crown，build_characters.py:64-65）加高头顶轮廓,西装椭圆体 + 无扣翻领×2 + 领带 + 马甲三扣 + 贴体衬衫（Fitted shirt）；Sleeve 用 suit 材质,无独立视觉标识｜与同组 river-shark、smiling-knife、ash-smuggler 共用几何、共用帽/发，差异只在 Wool/Hair 配色,"idle/bet/win/fold 四段（build_characters.py:102-113）。每段只驱动 1–2 根骨骼：四段都有 head，bet 额外 forearm.R，win 额外 spine（:108-110）；Godot/three_d/tests/characters_test.gd:23,29 只断言「≥1 条轨道」与 head 旋转变化 >0.02 rad",Godot/three_d/scripts/characters.gd:6-21 actor() 载入 res://three_d/assets/characters/dock-braggart.glb；：22-27 build() 座位固定 x=−1.1/0.25；:32-42 sync() 换桌重建；:44-56 refresh() 由 Godot/three_d/scripts/world.gd:667 每手调用,有整体参考｜assets/blender/characters/README.md:3 声明来源为「酒馆酒保交易视角.png」与「德扑牌桌视角.png」（即 assets/scene-plates/ 下同名两张板），并明示「未生成新参考图，也未引入第三方角色资产」｜无单人设计图：9 人都从这两张板推导｜是否补逐人参考图需主 Agent 判断（用户尚未批准生图）,需实机确认：在实际座位距离（characters.gd:26 对手席 x=−1.1 / 0.25）与牌桌照明（world.gd:285-286 主光 2.2/1.0 + tavern_layout.gd:80-81 1.1/1.4 + FILMIC 色调映射 world.gd:311-318）下，能分辨本角色与同组 river-shark/smiling-knife/ash-smuggler；本组 4 人轮廓完全一致，只能靠西装/发色深浅区分。⚠️ 不可用「9 套配色」当作 9 人独立完成——配色是材质参数，不是造型识别度,五官/表情拓扑未做（体素融合面部）；无指骨；发牌/下注/递物为通用 1–2 骨骼摆动；无个人标识道具；约 4 万顶点未做低模与性能验收,4（人物辨识度）,"与同组 river-shark、smiling-knife、ash-smuggler 当前几何一致：单独改本角色会打破组内一致性，**建议**整组一并过风格与性能检查（建议，非技术前提）；各角色按名分别存 .blend/.glb（build_characters.py:117,120），本角色可单独制作；改共用生成逻辑并全量重导需重跑 build_characters.py（本轮不做）","assets/blender/characters/build_characters.py:9,33-36,49-69,92,102-113｜assets/blender/characters/README.md:3,5,9｜assets/blender/characters/dock-braggart.blend（可编辑源）｜Godot/three_d/assets/characters/manifest.json｜Godot/three_d/assets/characters/dock-braggart.glb｜Godot/three_d/scripts/characters.gd:6-59｜Godot/three_d/scripts/world.gd:285-286,311-318,667｜Godot/three_d/scripts/tavern_layout.gd:80-81｜Godot/three_d/tests/characters_test.gd:19-33,44-46"
2,ledger-clerk,货运桌右席,B（3 人共用）,"assets/blender/characters/build_characters.py:9（CAST 第 2 条）+:33-36,49-69,92,102-113；assets/blender/characters/ledger-clerk.blend（可编辑源，14 骨 + 1 蒙皮网格 + 贴图内嵌，assets/blender/characters/README.md:5）；Godot/three_d/assets/characters/ledger-clerk.glb；Godot/three_d/assets/characters/manifest.json",与同组 velvet-rook、house-viper 当前几何一致（同一循环 build_characters.py:33 生成、算法相同，不是同一份网格）；14 骨骼 rig（Godot/three_d/tests/characters_test.gd:19 断言）；4 段剪辑 idle/bet/win/fold；材质库（Wool / Hair / Skin / Ivory cotton / Polished leather / Brass，build_characters.py:33-92）；assets/blender/characters/ledger-clerk.blend 为**独立可编辑源**，改本角色不需要动别人,14,39558,40617,无（hat/female/standing 三开关均 False，走基础坐姿分支）,"Wool(0.045,0.055,0.065) / Hair(0.080,0.065,0.045) / Skin(0.388,0.235,0.154)",坐姿；无帽，头顶轮廓更低,西装椭圆体 + 无扣翻领×2 + 领带 + 马甲三扣 + 贴体衬衫（Fitted shirt）；Sleeve 用 suit 材质,无独立视觉标识｜与同组 velvet-rook、house-viper 共用几何、共用帽/发，差异只在 Wool/Hair 配色,"idle/bet/win/fold 四段（build_characters.py:102-113）。每段只驱动 1–2 根骨骼：四段都有 head，bet 额外 forearm.R，win 额外 spine（:108-110）；Godot/three_d/tests/characters_test.gd:23,29 只断言「≥1 条轨道」与 head 旋转变化 >0.02 rad",Godot/three_d/scripts/characters.gd:6-21 actor() 载入 res://three_d/assets/characters/ledger-clerk.glb；：22-27 build() 座位固定 x=−1.1/0.25；:32-42 sync() 换桌重建；:44-56 refresh() 由 Godot/three_d/scripts/world.gd:667 每手调用,有整体参考｜assets/blender/characters/README.md:3 声明来源为「酒馆酒保交易视角.png」与「德扑牌桌视角.png」（即 assets/scene-plates/ 下同名两张板），并明示「未生成新参考图，也未引入第三方角色资产」｜无单人设计图：9 人都从这两张板推导｜是否补逐人参考图需主 Agent 判断（用户尚未批准生图）,需实机确认：在实际座位距离（characters.gd:26 对手席 x=−1.1 / 0.25）与牌桌照明（world.gd:285-286 主光 2.2/1.0 + tavern_layout.gd:80-81 1.1/1.4 + FILMIC 色调映射 world.gd:311-318）下，能分辨本角色与同组 velvet-rook/house-viper；本组 3 人轮廓完全一致，只能靠西装/发色深浅区分。⚠️ 不可用「9 套配色」当作 9 人独立完成——配色是材质参数，不是造型识别度,五官/表情拓扑未做（体素融合面部）；无指骨；发牌/下注/递物为通用 1–2 骨骼摆动；无个人标识道具；约 4 万顶点未做低模与性能验收,4（人物辨识度）,"与同组 velvet-rook、house-viper 当前几何一致：单独改本角色会打破组内一致性，**建议**整组一并过风格与性能检查（建议，非技术前提）；各角色按名分别存 .blend/.glb（build_characters.py:117,120），本角色可单独制作；改共用生成逻辑并全量重导需重跑 build_characters.py（本轮不做）","assets/blender/characters/build_characters.py:9,33-36,49-69,92,102-113｜assets/blender/characters/README.md:3,5,9｜assets/blender/characters/ledger-clerk.blend（可编辑源）｜Godot/three_d/assets/characters/manifest.json｜Godot/three_d/assets/characters/ledger-clerk.glb｜Godot/three_d/scripts/characters.gd:6-59｜Godot/three_d/scripts/world.gd:285-286,311-318,667｜Godot/three_d/scripts/tavern_layout.gd:80-81｜Godot/three_d/tests/characters_test.gd:19-33,44-46"
3,river-shark,账房地窖左席,A（4 人共用，hat=True）,"assets/blender/characters/build_characters.py:9（CAST 第 3 条）+:33-36,49-69,92,102-113；assets/blender/characters/river-shark.blend（可编辑源，14 骨 + 1 蒙皮网格 + 贴图内嵌，assets/blender/characters/README.md:5）；Godot/three_d/assets/characters/river-shark.glb；Godot/three_d/assets/characters/manifest.json",与同组 dock-braggart、smiling-knife、ash-smuggler 当前几何一致（同一循环 build_characters.py:33 生成、算法相同，不是同一份网格）；14 骨骼 rig（Godot/three_d/tests/characters_test.gd:19 断言）；4 段剪辑 idle/bet/win/fold；材质库（Wool / Hair / Skin / Ivory cotton / Polished leather / Brass，build_characters.py:33-92）；assets/blender/characters/river-shark.blend 为**独立可编辑源**，改本角色不需要动别人,14,40282,41463,hat=True,"Wool(0.055,0.060,0.053) / Hair(0.250,0.240,0.200) / Skin(0.396,0.240,0.158)",坐姿；礼帽（Felt hat brim + Hat crown，build_characters.py:64-65）加高头顶轮廓,西装椭圆体 + 无扣翻领×2 + 领带 + 马甲三扣 + 贴体衬衫（Fitted shirt）；Sleeve 用 suit 材质,无独立视觉标识｜与同组 dock-braggart、smiling-knife、ash-smuggler 共用几何、共用帽/发，差异只在 Wool/Hair 配色,"idle/bet/win/fold 四段（build_characters.py:102-113）。每段只驱动 1–2 根骨骼：四段都有 head，bet 额外 forearm.R，win 额外 spine（:108-110）；Godot/three_d/tests/characters_test.gd:23,29 只断言「≥1 条轨道」与 head 旋转变化 >0.02 rad",Godot/three_d/scripts/characters.gd:6-21 actor() 载入 res://three_d/assets/characters/river-shark.glb；：22-27 build() 座位固定 x=−1.1/0.25；:32-42 sync() 换桌重建；:44-56 refresh() 由 Godot/three_d/scripts/world.gd:667 每手调用,有整体参考｜assets/blender/characters/README.md:3 声明来源为「酒馆酒保交易视角.png」与「德扑牌桌视角.png」（即 assets/scene-plates/ 下同名两张板），并明示「未生成新参考图，也未引入第三方角色资产」｜无单人设计图：9 人都从这两张板推导｜是否补逐人参考图需主 Agent 判断（用户尚未批准生图）,需实机确认：在实际座位距离（characters.gd:26 对手席 x=−1.1 / 0.25）与牌桌照明（world.gd:285-286 主光 2.2/1.0 + tavern_layout.gd:80-81 1.1/1.4 + FILMIC 色调映射 world.gd:311-318）下，能分辨本角色与同组 dock-braggart/smiling-knife/ash-smuggler；本组 4 人轮廓完全一致，只能靠西装/发色深浅区分。⚠️ 不可用「9 套配色」当作 9 人独立完成——配色是材质参数，不是造型识别度,五官/表情拓扑未做（体素融合面部）；无指骨；发牌/下注/递物为通用 1–2 骨骼摆动；无个人标识道具；约 4 万顶点未做低模与性能验收,4（人物辨识度）,"与同组 dock-braggart、smiling-knife、ash-smuggler 当前几何一致：单独改本角色会打破组内一致性，**建议**整组一并过风格与性能检查（建议，非技术前提）；各角色按名分别存 .blend/.glb（build_characters.py:117,120），本角色可单独制作；改共用生成逻辑并全量重导需重跑 build_characters.py（本轮不做）","assets/blender/characters/build_characters.py:9,33-36,49-69,92,102-113｜assets/blender/characters/README.md:3,5,9｜assets/blender/characters/river-shark.blend（可编辑源）｜Godot/three_d/assets/characters/manifest.json｜Godot/three_d/assets/characters/river-shark.glb｜Godot/three_d/scripts/characters.gd:6-59｜Godot/three_d/scripts/world.gd:285-286,311-318,667｜Godot/three_d/scripts/tavern_layout.gd:80-81｜Godot/three_d/tests/characters_test.gd:19-33,44-46"
4,velvet-rook,账房地窖右席,B（3 人共用）,"assets/blender/characters/build_characters.py:9（CAST 第 4 条）+:33-36,49-69,92,102-113；assets/blender/characters/velvet-rook.blend（可编辑源，14 骨 + 1 蒙皮网格 + 贴图内嵌，assets/blender/characters/README.md:5）；Godot/three_d/assets/characters/velvet-rook.glb；Godot/three_d/assets/characters/manifest.json",与同组 ledger-clerk、house-viper 当前几何一致（同一循环 build_characters.py:33 生成、算法相同，不是同一份网格）；14 骨骼 rig（Godot/three_d/tests/characters_test.gd:19 断言）；4 段剪辑 idle/bet/win/fold；材质库（Wool / Hair / Skin / Ivory cotton / Polished leather / Brass，build_characters.py:33-92）；assets/blender/characters/velvet-rook.blend 为**独立可编辑源**，改本角色不需要动别人,14,39558,40617,无（hat/female/standing 三开关均 False，走基础坐姿分支）,"Wool(0.090,0.025,0.038) / Hair(0.022,0.013,0.010) / Skin(0.404,0.245,0.162)",坐姿；无帽，头顶轮廓更低,西装椭圆体 + 无扣翻领×2 + 领带 + 马甲三扣 + 贴体衬衫（Fitted shirt）；Sleeve 用 suit 材质,无独立视觉标识｜与同组 ledger-clerk、house-viper 共用几何、共用帽/发，差异只在 Wool/Hair 配色,"idle/bet/win/fold 四段（build_characters.py:102-113）。每段只驱动 1–2 根骨骼：四段都有 head，bet 额外 forearm.R，win 额外 spine（:108-110）；Godot/three_d/tests/characters_test.gd:23,29 只断言「≥1 条轨道」与 head 旋转变化 >0.02 rad",Godot/three_d/scripts/characters.gd:6-21 actor() 载入 res://three_d/assets/characters/velvet-rook.glb；：22-27 build() 座位固定 x=−1.1/0.25；:32-42 sync() 换桌重建；:44-56 refresh() 由 Godot/three_d/scripts/world.gd:667 每手调用,有整体参考｜assets/blender/characters/README.md:3 声明来源为「酒馆酒保交易视角.png」与「德扑牌桌视角.png」（即 assets/scene-plates/ 下同名两张板），并明示「未生成新参考图，也未引入第三方角色资产」｜无单人设计图：9 人都从这两张板推导｜是否补逐人参考图需主 Agent 判断（用户尚未批准生图）,需实机确认：在实际座位距离（characters.gd:26 对手席 x=−1.1 / 0.25）与牌桌照明（world.gd:285-286 主光 2.2/1.0 + tavern_layout.gd:80-81 1.1/1.4 + FILMIC 色调映射 world.gd:311-318）下，能分辨本角色与同组 ledger-clerk/house-viper；本组 3 人轮廓完全一致，只能靠西装/发色深浅区分。⚠️ 不可用「9 套配色」当作 9 人独立完成——配色是材质参数，不是造型识别度,五官/表情拓扑未做（体素融合面部）；无指骨；发牌/下注/递物为通用 1–2 骨骼摆动；无个人标识道具；约 4 万顶点未做低模与性能验收,4（人物辨识度）,"与同组 ledger-clerk、house-viper 当前几何一致：单独改本角色会打破组内一致性，**建议**整组一并过风格与性能检查（建议，非技术前提）；各角色按名分别存 .blend/.glb（build_characters.py:117,120），本角色可单独制作；改共用生成逻辑并全量重导需重跑 build_characters.py（本轮不做）","assets/blender/characters/build_characters.py:9,33-36,49-69,92,102-113｜assets/blender/characters/README.md:3,5,9｜assets/blender/characters/velvet-rook.blend（可编辑源）｜Godot/three_d/assets/characters/manifest.json｜Godot/three_d/assets/characters/velvet-rook.glb｜Godot/three_d/scripts/characters.gd:6-59｜Godot/three_d/scripts/world.gd:285-286,311-318,667｜Godot/three_d/scripts/tavern_layout.gd:80-81｜Godot/three_d/tests/characters_test.gd:19-33,44-46"
5,calm-widow,镜厅左席,D（calm-widow 独有，female=True）,"assets/blender/characters/build_characters.py:9（CAST 第 5 条）+:33-36,49-69,92,102-113；assets/blender/characters/calm-widow.blend（可编辑源，14 骨 + 1 蒙皮网格 + 贴图内嵌，assets/blender/characters/README.md:5）；Godot/three_d/assets/characters/calm-widow.glb；Godot/three_d/assets/characters/manifest.json",几何独有（组 D 无同组成员），可作其他角色的对照基线；14 骨骼 rig（Godot/three_d/tests/characters_test.gd:19 断言）；4 段剪辑 idle/bet/win/fold；材质库（Wool / Hair / Skin / Ivory cotton / Polished leather / Brass，build_characters.py:33-92）；assets/blender/characters/calm-widow.blend 为**独立可编辑源**，改本角色不需要动别人,14,38588,39708,female=True,"Wool(0.035,0.030,0.055) / Hair(0.040,0.020,0.012) / Skin(0.412,0.250,0.166)",坐姿；无帽；后脑加「Pinned hair」束发体块（build_characters.py:63）,西装椭圆体 + 无扣翻领×2 + 领带 + 马甲三扣 + 贴体衬衫（Fitted shirt）；Sleeve 用 suit 材质；Jacket 半径收窄至 .18（build_characters.py:49），Fitted shirt 投影同步收窄（:92）,无独立视觉标识｜几何独有（几何独有（束发 + 女装投影）），但无道具/纹样/配饰等人物标识,"idle/bet/win/fold 四段（build_characters.py:102-113）。每段只驱动 1–2 根骨骼：四段都有 head，bet 额外 forearm.R，win 额外 spine（:108-110）；Godot/three_d/tests/characters_test.gd:23,29 只断言「≥1 条轨道」与 head 旋转变化 >0.02 rad",Godot/three_d/scripts/characters.gd:6-21 actor() 载入 res://three_d/assets/characters/calm-widow.glb；：22-27 build() 座位固定 x=−1.1/0.25；:32-42 sync() 换桌重建；:44-56 refresh() 由 Godot/three_d/scripts/world.gd:667 每手调用,有整体参考｜assets/blender/characters/README.md:3 声明来源为「酒馆酒保交易视角.png」与「德扑牌桌视角.png」（即 assets/scene-plates/ 下同名两张板），并明示「未生成新参考图，也未引入第三方角色资产」｜无单人设计图：9 人都从这两张板推导｜是否补逐人参考图需主 Agent 判断（用户尚未批准生图）,需实机确认：在实际座位距离与牌桌照明（world.gd:285-286 主光 2.2/1.0 + tavern_layout.gd:80-81 1.1/1.4 + FILMIC 色调映射 world.gd:311-318）下，能分辨本角色与其余 8 人；本角色靠几何（几何独有（束发 + 女装投影））而非配色区分。⚠️ 不可用「9 套配色」当作 9 人独立完成——配色是材质参数，不是造型识别度,五官/表情拓扑未做（体素融合面部）；无指骨；发牌/下注/递物为通用 1–2 骨骼摆动；无个人标识道具；约 4 万顶点未做低模与性能验收,4（人物辨识度）,"几何独有，无同组联动；各角色按名分别存 .blend/.glb（build_characters.py:117,120），本角色可单独制作；改共用生成逻辑并全量重导需重跑 build_characters.py（本轮不做）","assets/blender/characters/build_characters.py:9,33-36,49-69,92,102-113｜assets/blender/characters/README.md:3,5,9｜assets/blender/characters/calm-widow.blend（可编辑源）｜Godot/three_d/assets/characters/manifest.json｜Godot/three_d/assets/characters/calm-widow.glb｜Godot/three_d/scripts/characters.gd:6-59｜Godot/three_d/scripts/world.gd:285-286,311-318,667｜Godot/three_d/scripts/tavern_layout.gd:80-81｜Godot/three_d/tests/characters_test.gd:19-33,44-46"
6,smiling-knife,镜厅右席,A（4 人共用，hat=True）,"assets/blender/characters/build_characters.py:9（CAST 第 6 条）+:33-36,49-69,92,102-113；assets/blender/characters/smiling-knife.blend（可编辑源，14 骨 + 1 蒙皮网格 + 贴图内嵌，assets/blender/characters/README.md:5）；Godot/three_d/assets/characters/smiling-knife.glb；Godot/three_d/assets/characters/manifest.json",与同组 dock-braggart、river-shark、ash-smuggler 当前几何一致（同一循环 build_characters.py:33 生成、算法相同，不是同一份网格）；14 骨骼 rig（Godot/three_d/tests/characters_test.gd:19 断言）；4 段剪辑 idle/bet/win/fold；材质库（Wool / Hair / Skin / Ivory cotton / Polished leather / Brass，build_characters.py:33-92）；assets/blender/characters/smiling-knife.blend 为**独立可编辑源**，改本角色不需要动别人,14,40282,41463,hat=True,"Wool(0.090,0.095,0.095) / Hair(0.040,0.025,0.014) / Skin(0.420,0.255,0.170)",坐姿；礼帽（Felt hat brim + Hat crown，build_characters.py:64-65）加高头顶轮廓,西装椭圆体 + 无扣翻领×2 + 领带 + 马甲三扣 + 贴体衬衫（Fitted shirt）；Sleeve 用 suit 材质,无独立视觉标识｜与同组 dock-braggart、river-shark、ash-smuggler 共用几何、共用帽/发，差异只在 Wool/Hair 配色,"idle/bet/win/fold 四段（build_characters.py:102-113）。每段只驱动 1–2 根骨骼：四段都有 head，bet 额外 forearm.R，win 额外 spine（:108-110）；Godot/three_d/tests/characters_test.gd:23,29 只断言「≥1 条轨道」与 head 旋转变化 >0.02 rad",Godot/three_d/scripts/characters.gd:6-21 actor() 载入 res://three_d/assets/characters/smiling-knife.glb；：22-27 build() 座位固定 x=−1.1/0.25；:32-42 sync() 换桌重建；:44-56 refresh() 由 Godot/three_d/scripts/world.gd:667 每手调用,有整体参考｜assets/blender/characters/README.md:3 声明来源为「酒馆酒保交易视角.png」与「德扑牌桌视角.png」（即 assets/scene-plates/ 下同名两张板），并明示「未生成新参考图，也未引入第三方角色资产」｜无单人设计图：9 人都从这两张板推导｜是否补逐人参考图需主 Agent 判断（用户尚未批准生图）,需实机确认：在实际座位距离（characters.gd:26 对手席 x=−1.1 / 0.25）与牌桌照明（world.gd:285-286 主光 2.2/1.0 + tavern_layout.gd:80-81 1.1/1.4 + FILMIC 色调映射 world.gd:311-318）下，能分辨本角色与同组 dock-braggart/river-shark/ash-smuggler；本组 4 人轮廓完全一致，只能靠西装/发色深浅区分。⚠️ 不可用「9 套配色」当作 9 人独立完成——配色是材质参数，不是造型识别度,五官/表情拓扑未做（体素融合面部）；无指骨；发牌/下注/递物为通用 1–2 骨骼摆动；无个人标识道具；约 4 万顶点未做低模与性能验收,4（人物辨识度）,"与同组 dock-braggart、river-shark、ash-smuggler 当前几何一致：单独改本角色会打破组内一致性，**建议**整组一并过风格与性能检查（建议，非技术前提）；各角色按名分别存 .blend/.glb（build_characters.py:117,120），本角色可单独制作；改共用生成逻辑并全量重导需重跑 build_characters.py（本轮不做）","assets/blender/characters/build_characters.py:9,33-36,49-69,92,102-113｜assets/blender/characters/README.md:3,5,9｜assets/blender/characters/smiling-knife.blend（可编辑源）｜Godot/three_d/assets/characters/manifest.json｜Godot/three_d/assets/characters/smiling-knife.glb｜Godot/three_d/scripts/characters.gd:6-59｜Godot/three_d/scripts/world.gd:285-286,311-318,667｜Godot/three_d/scripts/tavern_layout.gd:80-81｜Godot/three_d/tests/characters_test.gd:19-33,44-46"
7,house-viper,余烬桌左席,B（3 人共用）,"assets/blender/characters/build_characters.py:9（CAST 第 7 条）+:33-36,49-69,92,102-113；assets/blender/characters/house-viper.blend（可编辑源，14 骨 + 1 蒙皮网格 + 贴图内嵌，assets/blender/characters/README.md:5）；Godot/three_d/assets/characters/house-viper.glb；Godot/three_d/assets/characters/manifest.json",与同组 ledger-clerk、velvet-rook 当前几何一致（同一循环 build_characters.py:33 生成、算法相同，不是同一份网格）；14 骨骼 rig（Godot/three_d/tests/characters_test.gd:19 断言）；4 段剪辑 idle/bet/win/fold；材质库（Wool / Hair / Skin / Ivory cotton / Polished leather / Brass，build_characters.py:33-92）；assets/blender/characters/house-viper.blend 为**独立可编辑源**，改本角色不需要动别人,14,39558,40617,无（hat/female/standing 三开关均 False，走基础坐姿分支）,"Wool(0.024,0.065,0.052) / Hair(0.022,0.020,0.015) / Skin(0.428,0.260,0.174)",坐姿；无帽，头顶轮廓更低,西装椭圆体 + 无扣翻领×2 + 领带 + 马甲三扣 + 贴体衬衫（Fitted shirt）；Sleeve 用 suit 材质,无独立视觉标识｜与同组 ledger-clerk、velvet-rook 共用几何、共用帽/发，差异只在 Wool/Hair 配色,"idle/bet/win/fold 四段（build_characters.py:102-113）。每段只驱动 1–2 根骨骼：四段都有 head，bet 额外 forearm.R，win 额外 spine（:108-110）；Godot/three_d/tests/characters_test.gd:23,29 只断言「≥1 条轨道」与 head 旋转变化 >0.02 rad",Godot/three_d/scripts/characters.gd:6-21 actor() 载入 res://three_d/assets/characters/house-viper.glb；：22-27 build() 座位固定 x=−1.1/0.25；:32-42 sync() 换桌重建；:44-56 refresh() 由 Godot/three_d/scripts/world.gd:667 每手调用,有整体参考｜assets/blender/characters/README.md:3 声明来源为「酒馆酒保交易视角.png」与「德扑牌桌视角.png」（即 assets/scene-plates/ 下同名两张板），并明示「未生成新参考图，也未引入第三方角色资产」｜无单人设计图：9 人都从这两张板推导｜是否补逐人参考图需主 Agent 判断（用户尚未批准生图）,需实机确认：在实际座位距离（characters.gd:26 对手席 x=−1.1 / 0.25）与牌桌照明（world.gd:285-286 主光 2.2/1.0 + tavern_layout.gd:80-81 1.1/1.4 + FILMIC 色调映射 world.gd:311-318）下，能分辨本角色与同组 ledger-clerk/velvet-rook；本组 3 人轮廓完全一致，只能靠西装/发色深浅区分。⚠️ 不可用「9 套配色」当作 9 人独立完成——配色是材质参数，不是造型识别度,五官/表情拓扑未做（体素融合面部）；无指骨；发牌/下注/递物为通用 1–2 骨骼摆动；无个人标识道具；约 4 万顶点未做低模与性能验收,4（人物辨识度）,"与同组 ledger-clerk、velvet-rook 当前几何一致：单独改本角色会打破组内一致性，**建议**整组一并过风格与性能检查（建议，非技术前提）；各角色按名分别存 .blend/.glb（build_characters.py:117,120），本角色可单独制作；改共用生成逻辑并全量重导需重跑 build_characters.py（本轮不做）","assets/blender/characters/build_characters.py:9,33-36,49-69,92,102-113｜assets/blender/characters/README.md:3,5,9｜assets/blender/characters/house-viper.blend（可编辑源）｜Godot/three_d/assets/characters/manifest.json｜Godot/three_d/assets/characters/house-viper.glb｜Godot/three_d/scripts/characters.gd:6-59｜Godot/three_d/scripts/world.gd:285-286,311-318,667｜Godot/three_d/scripts/tavern_layout.gd:80-81｜Godot/three_d/tests/characters_test.gd:19-33,44-46"
8,ash-smuggler,余烬桌右席,A（4 人共用，hat=True）,"assets/blender/characters/build_characters.py:9（CAST 第 8 条）+:33-36,49-69,92,102-113；assets/blender/characters/ash-smuggler.blend（可编辑源，14 骨 + 1 蒙皮网格 + 贴图内嵌，assets/blender/characters/README.md:5）；Godot/three_d/assets/characters/ash-smuggler.glb；Godot/three_d/assets/characters/manifest.json",与同组 dock-braggart、river-shark、smiling-knife 当前几何一致（同一循环 build_characters.py:33 生成、算法相同，不是同一份网格）；14 骨骼 rig（Godot/three_d/tests/characters_test.gd:19 断言）；4 段剪辑 idle/bet/win/fold；材质库（Wool / Hair / Skin / Ivory cotton / Polished leather / Brass，build_characters.py:33-92）；assets/blender/characters/ash-smuggler.blend 为**独立可编辑源**，改本角色不需要动别人,14,40282,41463,hat=True,"Wool(0.115,0.090,0.075) / Hair(0.140,0.130,0.120) / Skin(0.436,0.265,0.178)",坐姿；礼帽（Felt hat brim + Hat crown，build_characters.py:64-65）加高头顶轮廓,西装椭圆体 + 无扣翻领×2 + 领带 + 马甲三扣 + 贴体衬衫（Fitted shirt）；Sleeve 用 suit 材质,无独立视觉标识｜与同组 dock-braggart、river-shark、smiling-knife 共用几何、共用帽/发，差异只在 Wool/Hair 配色,"idle/bet/win/fold 四段（build_characters.py:102-113）。每段只驱动 1–2 根骨骼：四段都有 head，bet 额外 forearm.R，win 额外 spine（:108-110）；Godot/three_d/tests/characters_test.gd:23,29 只断言「≥1 条轨道」与 head 旋转变化 >0.02 rad",Godot/three_d/scripts/characters.gd:6-21 actor() 载入 res://three_d/assets/characters/ash-smuggler.glb；：22-27 build() 座位固定 x=−1.1/0.25；:32-42 sync() 换桌重建；:44-56 refresh() 由 Godot/three_d/scripts/world.gd:667 每手调用,有整体参考｜assets/blender/characters/README.md:3 声明来源为「酒馆酒保交易视角.png」与「德扑牌桌视角.png」（即 assets/scene-plates/ 下同名两张板），并明示「未生成新参考图，也未引入第三方角色资产」｜无单人设计图：9 人都从这两张板推导｜是否补逐人参考图需主 Agent 判断（用户尚未批准生图）,需实机确认：在实际座位距离（characters.gd:26 对手席 x=−1.1 / 0.25）与牌桌照明（world.gd:285-286 主光 2.2/1.0 + tavern_layout.gd:80-81 1.1/1.4 + FILMIC 色调映射 world.gd:311-318）下，能分辨本角色与同组 dock-braggart/river-shark/smiling-knife；本组 4 人轮廓完全一致，只能靠西装/发色深浅区分。⚠️ 不可用「9 套配色」当作 9 人独立完成——配色是材质参数，不是造型识别度,五官/表情拓扑未做（体素融合面部）；无指骨；发牌/下注/递物为通用 1–2 骨骼摆动；无个人标识道具；约 4 万顶点未做低模与性能验收,4（人物辨识度）,"与同组 dock-braggart、river-shark、smiling-knife 当前几何一致：单独改本角色会打破组内一致性，**建议**整组一并过风格与性能检查（建议，非技术前提）；各角色按名分别存 .blend/.glb（build_characters.py:117,120），本角色可单独制作；改共用生成逻辑并全量重导需重跑 build_characters.py（本轮不做）","assets/blender/characters/build_characters.py:9,33-36,49-69,92,102-113｜assets/blender/characters/README.md:3,5,9｜assets/blender/characters/ash-smuggler.blend（可编辑源）｜Godot/three_d/assets/characters/manifest.json｜Godot/three_d/assets/characters/ash-smuggler.glb｜Godot/three_d/scripts/characters.gd:6-59｜Godot/three_d/scripts/world.gd:285-286,311-318,667｜Godot/three_d/scripts/tavern_layout.gd:80-81｜Godot/three_d/tests/characters_test.gd:19-33,44-46"
9,bartender,四店吧台（每店 1 位，characters.gd:27 固定坐标 2.55/0/.4，yaw −π/2）,C（bartender 独有，standing=True）,"assets/blender/characters/build_characters.py:9（CAST 第 9 条）+:33-36,49-69,92,102-113；assets/blender/characters/bartender.blend（可编辑源，14 骨 + 1 蒙皮网格 + 贴图内嵌，assets/blender/characters/README.md:5）；Godot/three_d/assets/characters/bartender.glb；Godot/three_d/assets/characters/manifest.json",几何独有（组 C 无同组成员），可作其他角色的对照基线；14 骨骼 rig（Godot/three_d/tests/characters_test.gd:19 断言）；4 段剪辑 idle/bet/win/fold；材质库（Wool / Hair / Skin / Ivory cotton / Polished leather / Brass，build_characters.py:33-92）；assets/blender/characters/bartender.blend 为**独立可编辑源**，改本角色不需要动别人,14,39558,40617,standing=True,"Wool(0.045,0.042,0.034) / Hair(0.190,0.180,0.160) / Skin(0.444,0.270,0.182)","站姿（lift=.35，膝/踝位置随之上提，build_characters.py:35,42）",西装椭圆体 + 无扣翻领×2 + 领带 + 马甲三扣 + 贴体衬衫（Fitted shirt）；Sleeve 用 shirt 材质（站姿分支，build_characters.py:69）,无独立视觉标识｜几何独有（几何独有（站姿），但与组 B 顶点数同为 39558），但无道具/纹样/配饰等人物标识,"idle/bet/win/fold 四段（build_characters.py:102-113）。每段只驱动 1–2 根骨骼：四段都有 head，bet 额外 forearm.R，win 额外 spine（:108-110）；Godot/three_d/tests/characters_test.gd:23,29 只断言「≥1 条轨道」与 head 旋转变化 >0.02 rad",Godot/three_d/scripts/characters.gd:6-21 actor() 载入 res://three_d/assets/characters/bartender.glb；：22-27 build() 座位固定 x=−1.1/0.25；:32-42 sync() 换桌重建；:44-56 refresh() 由 Godot/three_d/scripts/world.gd:667 每手调用,有整体参考｜assets/blender/characters/README.md:3 声明来源为「酒馆酒保交易视角.png」与「德扑牌桌视角.png」（即 assets/scene-plates/ 下同名两张板），并明示「未生成新参考图，也未引入第三方角色资产」｜无单人设计图：9 人都从这两张板推导｜是否补逐人参考图需主 Agent 判断（用户尚未批准生图）,需实机确认：在实际座位距离与牌桌照明（world.gd:285-286 主光 2.2/1.0 + tavern_layout.gd:80-81 1.1/1.4 + FILMIC 色调映射 world.gd:311-318）下，能分辨本角色与其余 8 人；本角色靠几何（几何独有（站姿），但与组 B 顶点数同为 39558）而非配色区分。⚠️ 不可用「9 套配色」当作 9 人独立完成——配色是材质参数，不是造型识别度,五官/表情拓扑未做（体素融合面部）；无指骨；发牌/下注/递物为通用 1–2 骨骼摆动；无个人标识道具；约 4 万顶点未做低模与性能验收,4（人物辨识度）,"几何独有，无同组联动；各角色按名分别存 .blend/.glb（build_characters.py:117,120），本角色可单独制作；改共用生成逻辑并全量重导需重跑 build_characters.py（本轮不做）","assets/blender/characters/build_characters.py:9,33-36,49-69,92,102-113｜assets/blender/characters/README.md:3,5,9｜assets/blender/characters/bartender.blend（可编辑源）｜Godot/three_d/assets/characters/manifest.json｜Godot/three_d/assets/characters/bartender.glb｜Godot/three_d/scripts/characters.gd:6-59｜Godot/three_d/scripts/world.gd:285-286,311-318,667｜Godot/three_d/scripts/tavern_layout.gd:80-81｜Godot/three_d/tests/characters_test.gd:19-33,44-46"
