类别,ID,名称,所属酒馆,规则定义位置,执行入口,获得或解锁条件,成本,效果或收益,限制,测试证据,实现状态,验证状态,生成脚本,导出文件,加载函数,运行使用点,缺口
酒馆,smoky-den,烟雾酒馆,自身,Godot/three_d/rules/content.json:252-269,run.gd:527 scene_definition() / run.gd:51 start() / routes.gd:10-15 普通出口计费,出发框选择目的地;金库≥120,-,降风声 24;普通出口 24+现金12%;封锁附加 45;预约折扣 10;预约宽限 2 轮;入桌额外风声 0;特殊入口揭示折扣 0,金库<120 不可出发(run.gd:52);同晚不可重复访问(transfer_quote),run_test 639 / scene_rules 176 / extraction_conservation 33768 组合 / routes_items 54 / venue_transfer 923,已实现,已核验,-,-,-,-,四店共用同一套灰盒外壳（world.gd:206 build_tavern() 单函数生成 4 个房间实例，offset 10/20/30/40）。建筑差异只在费率/货架/路线/色板，见 asset-gaps.csv
酒馆,high-rise-suite,高层套房,自身,content.json:270-287,同上,同上,-,降风声 36;普通出口 42+现金18%;封锁附加 70;预约折扣 0;宽限 3 轮;入桌额外风声 0;特殊入口揭示折扣 0,同上,scene_rules 176 / transfer_coverage / route_guard 192 情境,已实现,已核验,-,-,-,-,同上：建筑与美术为四店共用外壳
酒馆,rooftop-club,屋顶会所,自身,content.json:288-305,同上,同上,-,降风声 30;普通出口 28+现金13%;封锁附加 60;预约折扣 5;宽限 1 轮;入桌额外风声 +1;特殊入口揭示折扣 5,同上,scene_rules 176(含 entryHeatBonus 断言 scene_rules:63),已实现,已核验,-,-,-,-,同上：建筑与美术为四店共用外壳
酒馆,neon-poker-club,霓虹扑克俱乐部,自身,content.json:306-323,同上,同上,-,降风声 30;普通出口 34+现金14%;封锁附加 55;预约折扣 0;宽限 2 轮;入桌额外风声 0;特殊入口揭示折扣 10,同上,scene_rules 176,已实现,已核验,-,-,-,-,同上：建筑与美术为四店共用外壳
牌桌,cargo-table,货运桌,随房间(顺序首桌/分支首桌),content.json:2-35,run.gd:165 enter_table / table.gd:21 start,完成前置桌或分支条件;现金≥买入(60),买入 60(离桌返还剩余筹码),买入60;小盲10;开注20;加注步长20;2 手;入桌风声+1;首次激进行动便宜 10,unlocksAfter=null;本局已完成不可重入,table_test 1879(含 table_test:67 优惠只扣一次)/ two_tables 27 / entry_coverage 12,已实现,已核验,-,-,-,-,"content.json 的 firstAggressionDiscount 字段未被读取：**4 处硬编码 10 / 硬编码开关**——table.gd:26（开关 `tableDef.id == ""cargo-table""`）、table.gd:67（`discount := 10 if ...`）、table_hud.gd:201（加注实付预览 `""discount"":10 if ...`，2026-09-22 提交 413dce9 新增）、raise_preview_test.gd:19（同名测试内也硬编码 10）。属**数据未接线**，不是规则缺失（table_test:67 已验证只扣一次）。改 content.json 数值不会生效"
牌桌,ledger-cellar,账房地窖,同上,content.json:36-68,同上,需先完成 cargo-table(顺序局),买入 90,小盲15;开注30;加注步长30;2 手;入桌风声+1;桌面道具额外风声 +1,同上,two_tables 27 / four_tables 110,已实现,已核验,-,-,-,-,tableToolHeatBonus 已在 run.gd:363 与 advanced_services.gd:79 读取；本桌无未接线字段
牌桌,mirror-hall,镜厅,同上,content.json:69-101,同上,需先完成 cargo-table(顺序局),买入 120,小盲20;开注40;加注步长40;3 手;入桌风声+2;可押 1 件贵重物,unlocksAfter=ledger-cellar;抵押物须为自有贵重物(run.gd:170),four_tables 110(含 four_tables:91/107-114)/ settlement_coverage 21,已实现,已核验,-,-,-,-,-
牌桌,embers-table,余烬桌,同上,content.json:102-135,同上,顺序局需先完成 mirror-hall;分支局需完成 ledger-cellar 与 mirror-hall(run.gd:146-151),买入 160,小盲25;开注50;加注步长50;3 手;入桌风声+2;盈利收桌降 1 风声,同上,two_tables / four_tables / room_pool 722,已实现,已核验,-,-,-,-,-
物品-可用,marked-lens,标记镜片,全酒馆货架(按轮次/种子),content.json:328-338,service_reason run.gd:269-280;service_action run.gd:349-352,商店购买(买价40)或搜索事件奖励,买 40 / 卖 20 / 占 1 格,牌局中预览牌堆顶下一张公共牌;本桌限一次;风声 +1 +该桌 tableToolHeatBonus,仅进行中牌桌;河牌不可用;本桌已用不可重复;背包满不可买,service_coverage 21 / tool_coverage 15 / services_save 46 / spatial_interaction 96,已实现,已核验,assets/blender/tavern-detail/build_props.py,Godot/three_d/assets/interactive-props.glb（节点名即道具 id）+ props-export.json（12 键）,world.gd:11 PROPS_ASSET / world.gd:958-962 make_detailed_prop(),bar_display.gd:24-37 货架 / :52-53 make_item()；购买交接 world.gd:860 bar_display.deliver(id)；run.gd:269-280 拒绝 / :349-352 使用（牌局内预览公共牌）,-
物品-可用,signal-lighter,信号打火机,全酒馆货架,content.json:339-349,advanced_services.gd:4-43 reason / :44-82 apply,商店购买(35),买 35 / 卖 15 / 占 1 格,读取一名对手当前牌力为强/中/弱(不揭示底牌);本桌限一次;风声 +0 +该桌加成,仅进行中牌桌;不可选自己或已弃牌对手;本桌已用不可重复,advanced_coverage 26 / routes_items 54,已实现,部分验证,assets/blender/tavern-detail/build_props.py,Godot/three_d/assets/interactive-props.glb（节点名即道具 id）+ props-export.json（12 键）,world.gd:11 PROPS_ASSET / world.gd:958-962 make_detailed_prop(),bar_display.gd:24-37 货架 / :52-53 make_item()；购买交接 world.gd:860 bar_display.deliver(id)；advanced_services.gd:4-43 reason / :44-82 apply,强/中/弱阈值与有效对手计数列为 pending_families.signal_analysis，**未单独验证**（不是实现缺失）
物品-可用,player-notes,玩家笔记,全酒馆货架,content.json:350-360,advanced_services.gd:18-19 reason / :64-66 apply,商店购买(50),买 50 / 卖 25 / 占 1 格,记录一名对手的风格原型;可消耗第二份记录另一位对手;风声 +0 +该桌加成,仅进行中牌桌;不可选自己;同一对手不可重复记录(redundant_intel_test:31),redundant_intel 7 / advanced_coverage 26 / routes_items 54,已实现,已核验,assets/blender/tavern-detail/build_props.py,Godot/three_d/assets/interactive-props.glb（节点名即道具 id）+ props-export.json（12 键）,world.gd:11 PROPS_ASSET / world.gd:958-962 make_detailed_prop(),bar_display.gd:24-37 货架 / :52-53 make_item()；购买交接 world.gd:860 bar_display.deliver(id)；advanced_services.gd:18-19 reason / :64-66 apply,-
物品-可用,steadying-drink,镇定酒,全酒馆货架(保底供应),content.json:361-371,service_reason run.gd:295-301;service_action run.gd:338-345,商店购买(30),买 30 / 卖 10 / 占 1 格,离桌后使用降低风声 1;每轮只能降一次,需要在探索阶段;无牌桌;未持有不可用;本轮已降过不可重复,service_coverage 21(含买30/卖10独立预期),已实现,已核验,assets/blender/tavern-detail/build_props.py,Godot/three_d/assets/interactive-props.glb（节点名即道具 id）+ props-export.json（12 键）,world.gd:11 PROPS_ASSET / world.gd:958-962 make_detailed_prop(),bar_display.gd:24-37 货架 / :52-53 make_item()；购买交接 world.gd:860 bar_display.deliver(id)；run.gd:295-301 拒绝 / :338-345 使用（探索阶段降风声）,-
物品-可用,disposable-phone,一次性手机,全酒馆货架(第 2 阶段保底),content.json:372-382,advanced_services.gd:32-37 reason / :55-63 apply,商店购买(50),买 50 / 卖 20 / 占 1 格,二选一:更新固定接应方案 / 查明一桌规则+对手+奖励,需要在探索阶段;已完成的桌、已知完整情报不可重复;路线已知不可用,advanced_coverage 26 / reservation_coverage 11 / redundant_intel 7 / routes_items 54,已实现,已核验,assets/blender/tavern-detail/build_props.py,Godot/three_d/assets/interactive-props.glb（节点名即道具 id）+ props-export.json（12 键）,world.gd:11 PROPS_ASSET / world.gd:958-962 make_detailed_prop(),bar_display.gd:24-37 货架 / :52-53 make_item()；购买交接 world.gd:860 bar_display.deliver(id)；advanced_services.gd:32-37 reason / :55-63 apply,-
物品-可用,kitchen-pass,后厨通行证,全酒馆货架,content.json:383-394,advanced_services.gd:38-42 reason / :52-54 apply;unlockRoute=service-stairs,商店购买(45),买 45 / 卖 20 / 占 1 格,揭示本店 service-stairs 特殊撤离入口,需要在探索阶段;同名入口已揭示不可重复,advanced_coverage 26 / routes_items 54(含实体入口射线) / scene_rules 176,已实现,已核验,assets/blender/tavern-detail/build_props.py,Godot/three_d/assets/interactive-props.glb（节点名即道具 id）+ props-export.json（12 键）,world.gd:11 PROPS_ASSET / world.gd:958-962 make_detailed_prop(),bar_display.gd:24-37 货架 / :52-53 make_item()；购买交接 world.gd:860 bar_display.deliver(id)；advanced_services.gd:38-42 reason / :52-54 apply，unlockRoute=service-stairs,-
物品-可用,dock-passkey,码头密钥,全酒馆货架,content.json:395-406,advanced_services.gd:38-42 reason / :52-54 apply;unlockRoute=river-launch,商店购买(55),买 55 / 卖 25 / 占 1 格,揭示本店 river-launch 特殊撤离入口,需要在探索阶段;同名入口已揭示不可重复,advanced_coverage 26 / scene_rules 176,已实现,已核验,assets/blender/tavern-detail/build_props.py,Godot/three_d/assets/interactive-props.glb（节点名即道具 id）+ props-export.json（12 键）,world.gd:11 PROPS_ASSET / world.gd:958-962 make_detailed_prop(),bar_display.gd:24-37 货架 / :52-53 make_item()；购买交接 world.gd:860 bar_display.deliver(id)；advanced_services.gd:38-42 reason / :52-54 apply，unlockRoute=river-launch,-
物品-可用,false-bottom-wallet,夹层钱包,全酒馆货架,content.json:407-417,run.gd:461 abandon() 结算,商店购买(70),买 70 / 卖 30 / 占 1 格,本局失败(放弃)时保留至多 80 现金到金库,仅在本局失败路径生效;正常撤离不触发,lifecycle_coverage(abandon/wallet 组) / routes_items 54(no affordable exit 场景),已实现,已核验,assets/blender/tavern-detail/build_props.py,Godot/three_d/assets/interactive-props.glb（节点名即道具 id）+ props-export.json（12 键）,world.gd:11 PROPS_ASSET / world.gd:958-962 make_detailed_prop(),bar_display.gd:24-37 货架 / :52-53 make_item()；购买交接 world.gd:860 bar_display.deliver(id)；run.gd:461 abandon() 结算保留 80 现金,-
物品-可用,sleeve-clip,袖口夹,全酒馆货架,content.json:418-428,service_reason run.gd:269-280;service_action run.gd:353-359,商店购买(80),买 80 / 卖 30 / 占 1 格,翻牌前首次行动前替换第二张手牌;本桌限一次;风声 +2 +该桌加成,仅翻牌前且 turnCounter==0 且轮到玩家;本桌已用不可重复;与透镜组合时保留已预览牌顶,service_coverage 21 / tool_coverage 15 / services_save 46,已实现,已核验,assets/blender/tavern-detail/build_props.py,Godot/three_d/assets/interactive-props.glb（节点名即道具 id）+ props-export.json（12 键）,world.gd:11 PROPS_ASSET / world.gd:958-962 make_detailed_prop(),bar_display.gd:24-37 货架 / :52-53 make_item()；购买交接 world.gd:860 bar_display.deliver(id)；run.gd:269-280 拒绝 / :353-359 使用（翻牌前换第二张手牌）,-
物品-贵重,old-silver-lighter,旧银打火机,货架外(奖励/搜索),content.json:429-437,run.gd:199 奖励 / run.gd:447 sale_value / routes.gd:51 撤离净值,货运桌盈利奖励(栈<90)或搜索事件 goods 结果,售价 45 / 占 1 格,可作抵押物;撤离时计入到账价值,不可购买;抵押需该桌 allowCollateral,settlement_coverage 21(case lighter) / search_coverage 20(goods) / entry_coverage 12,已实现,部分验证,无独立建模脚本；藏匿点场景装饰出自 assets/blender/stash-noir/build_scene.py「05 • Personal valuables」（场景静物，非道具资产）,无对应物。stash-noir 里最近似的静态装饰是「Silver cigarette case」（银烟盒，build_scene.py:147），**不是打火机**；无独立 GLB,world.gd:14 STASH_ASSET / world.gd:181-184 build_stash()（作为藏匿点静态装饰加载，不是道具实例）,规则侧：run.gd:449 sale_value / run.gd:199-202 奖励发放 / routes.gd:51 撤离净值 / table_hud.gd:144-148 抵押下拉（纯文字）。3D 无道具实例,无 3D 道具实例。出售路径（sale_value）已定义但**未单独断言**；搜索事件 goods 结果已在 search_coverage_test:51 覆盖数据侧
物品-贵重,ivory-chip,象牙筹码,货架外(奖励),content.json:438-446,同上,货运桌盈利奖励(首次)或旧银打火机已持有时的二次奖励,售价 60 / 占 1 格,可作抵押物;撤离时计入到账价值,不可购买,services_save 46 / settlement_coverage 21 / route_guard 192 / lifecycle_coverage / four_tables 110,已实现,已核验,无独立建模脚本；藏匿点场景装饰出自 assets/blender/stash-noir/build_scene.py「05 • Personal valuables」（场景静物，非道具资产）,无独立 GLB。stash-noir「04 • Casino chips」的 Clay poker chip / Ivory edge insert / Chip ivory center 是场景筹码堆装饰（build_scene.py:133-144）,world.gd:14 STASH_ASSET / world.gd:181-184 build_stash()（作为藏匿点静态装饰加载，不是道具实例）,规则侧：run.gd:449 sale_value / run.gd:199-202 奖励发放 / routes.gd:51 撤离净值 / table_hud.gd:144-148 抵押下拉（纯文字）。3D 无道具实例,无 3D 道具实例，只有场景筹码堆装饰；规则侧已核验
物品-贵重,ruby-cufflink,红宝石袖扣,货架外(奖励),content.json:447-455,同上,货运桌盈利且栈≥90 时的奖励,售价 90 / 占 1 格,可作抵押物;撤离时计入到账价值,不可购买,settlement_coverage 21(case ruby),已实现,部分验证,无独立建模脚本；藏匿点场景装饰出自 assets/blender/stash-noir/build_scene.py「05 • Personal valuables」（场景静物，非道具资产）,无（stash-noir 未见对应装饰）,world.gd:14 STASH_ASSET / world.gd:181-184 build_stash()（作为藏匿点静态装饰加载，不是道具实例）,规则侧：run.gd:449 sale_value / run.gd:199-202 奖励发放 / routes.gd:51 撤离净值 / table_hud.gd:144-148 抵押下拉（纯文字）。3D 无道具实例,无 3D 道具实例；出售路径（sale_value）已定义但**未单独断言**（仅有 settlement_coverage 的结算分支）
物品-贵重,gold-cased-watch,金壳怀表,货架外(奖励),content.json:456-464,同上,镜厅盈利且栈<170 且未归还抵押时的奖励,售价 120 / 占 1 格,可作抵押物;撤离时计入到账价值,不可购买,settlement_coverage 21(case watch),已实现,部分验证,无独立建模脚本；藏匿点场景装饰出自 assets/blender/stash-noir/build_scene.py「05 • Personal valuables」（场景静物，非道具资产）,"无独立 GLB。stash-noir 的 Pocket watch body + Ivory enamel watch dial + Watch bezel/hands/bow（build_scene.py:155-163）合并进 stash.glb 节点 ""Valuables""",world.gd:14 STASH_ASSET / world.gd:181-184 build_stash()（作为藏匿点静态装饰加载，不是道具实例）,规则侧：run.gd:449 sale_value / run.gd:199-202 奖励发放 / routes.gd:51 撤离净值 / table_hud.gd:144-148 抵押下拉（纯文字）。3D 无道具实例,无 3D 道具实例，藏匿点有可辨认怀表装饰；出售路径**未单独断言**
物品-贵重,antique-coin,古董纪念币,货架外(奖励),content.json:465-473,同上,镜厅盈利且末手主池获胜并归还抵押时获得,售价 140 / 占 1 格,可作抵押物;撤离时计入到账价值,不可购买,settlement_coverage 21(case antique) / four_tables:91/129,已实现,部分验证,无独立建模脚本；藏匿点场景装饰出自 assets/blender/stash-noir/build_scene.py「05 • Personal valuables」（场景静物，非道具资产）,无（stash-noir 未见对应装饰）,world.gd:14 STASH_ASSET / world.gd:181-184 build_stash()（作为藏匿点静态装饰加载，不是道具实例）,规则侧：run.gd:449 sale_value / run.gd:199-202 奖励发放 / routes.gd:51 撤离净值 / table_hud.gd:144-148 抵押下拉（纯文字）。3D 无道具实例,无 3D 道具实例；出售路径**未单独断言**
物品-贵重,sealed-bond,密封债券,货架外(奖励),content.json:474-482,同上,镜厅盈利且栈≥170 且未归还抵押时获得,售价 180 / 占 2 格,可作抵押物;撤离时计入到账价值,不可购买;占 2 格影响背包容量,settlement_coverage 21(case bond) / four_tables:129,已实现,部分验证,无独立建模脚本；藏匿点场景装饰出自 assets/blender/stash-noir/build_scene.py「05 • Personal valuables」（场景静物，非道具资产）,无（stash-noir 未见对应装饰）,world.gd:14 STASH_ASSET / world.gd:181-184 build_stash()（作为藏匿点静态装饰加载，不是道具实例）,规则侧：run.gd:449 sale_value / run.gd:199-202 奖励发放 / routes.gd:51 撤离净值 / table_hud.gd:144-148 抵押下拉（纯文字）。3D 无道具实例,无 3D 道具实例；出售路径**未单独断言**；占 2 格
物品-贵重,pearl-necklace,珍珠项链,货架外(奖励),content.json:483-491,同上,账房地窖盈利且栈≥130 时的奖励,售价 95 / 占 1 格,可作抵押物;撤离时计入到账价值,不可购买,settlement_coverage 21(case pearl) / services_save:33-48,已实现,已核验,无独立建模脚本；藏匿点场景装饰出自 assets/blender/stash-noir/build_scene.py「05 • Personal valuables」（场景静物，非道具资产）,"无独立 GLB。stash-noir 的 Pearl necklace（49 外圈 + 19 内圈 + 搭扣，build_scene.py:149-154）合并进 stash.glb 节点 ""Valuables""",world.gd:14 STASH_ASSET / world.gd:181-184 build_stash()（作为藏匿点静态装饰加载，不是道具实例）,规则侧：run.gd:449 sale_value / run.gd:199-202 奖励发放 / routes.gd:51 撤离净值 / table_hud.gd:144-148 抵押下拉（纯文字）。3D 无道具实例,无 3D 道具实例，藏匿点有可辨认项链装饰；规则侧已核验
物品-贵重,emerald-brooch,翡翠胸针,货架外(奖励),content.json:492-500,同上,账房地窖盈利且栈<130 或余烬桌盈利且栈<220 时的奖励,售价 125 / 占 1 格,可作抵押物;撤离时计入到账价值,不可购买,settlement_coverage 21(case emerald) / services_save:33-48,已实现,已核验,无独立建模脚本；藏匿点场景装饰出自 assets/blender/stash-noir/build_scene.py「05 • Personal valuables」（场景静物，非道具资产）,无（stash-noir 未见对应装饰）,world.gd:14 STASH_ASSET / world.gd:181-184 build_stash()（作为藏匿点静态装饰加载，不是道具实例）,规则侧：run.gd:449 sale_value / run.gd:199-202 奖励发放 / routes.gd:51 撤离净值 / table_hud.gd:144-148 抵押下拉（纯文字）。3D 无道具实例,无 3D 道具实例；规则侧已核验
物品-贵重,obsidian-idol,黑曜石雕像,货架外(奖励),content.json:501-509,同上,余烬桌盈利且栈<220 时的奖励,售价 150 / 占 2 格,可作抵押物;撤离时计入到账价值,不可购买;占 2 格,settlement_coverage 21(case idol),已实现,部分验证,无独立建模脚本；藏匿点场景装饰出自 assets/blender/stash-noir/build_scene.py「05 • Personal valuables」（场景静物，非道具资产）,无（stash-noir 未见对应装饰）,world.gd:14 STASH_ASSET / world.gd:181-184 build_stash()（作为藏匿点静态装饰加载，不是道具实例）,规则侧：run.gd:449 sale_value / run.gd:199-202 奖励发放 / routes.gd:51 撤离净值 / table_hud.gd:144-148 抵押下拉（纯文字）。3D 无道具实例,无 3D 道具实例；出售路径**未单独断言**；占 2 格
物品-贵重,vault-promissory,金库本票,货架外(奖励),content.json:510-518,同上,余烬桌盈利且栈≥220 时的奖励,售价 210 / 占 2 格,可作抵押物;撤离时计入到账价值,不可购买;占 2 格,settlement_coverage 21(case promissory),已实现,部分验证,无独立建模脚本；藏匿点场景装饰出自 assets/blender/stash-noir/build_scene.py「05 • Personal valuables」（场景静物，非道具资产）,无（stash-noir 未见对应装饰）,world.gd:14 STASH_ASSET / world.gd:181-184 build_stash()（作为藏匿点静态装饰加载，不是道具实例）,规则侧：run.gd:449 sale_value / run.gd:199-202 奖励发放 / routes.gd:51 撤离净值 / table_hud.gd:144-148 抵押下拉（纯文字）。3D 无道具实例,无 3D 道具实例；出售路径**未单独断言**；占 2 格
对手,dock-braggart,码头吹牛客,随牌桌(货运桌起始名单),content.json:138-151,opponent.gd estimate_odds / decide;run.gd:481 actor_name,由 variant_plan.opponents 洗牌分配(每桌一位),-,archetype=Maniac;aggression .76/caution .18/bluff .24/finalHandSpike .02/patternPunish 0,每位一局只出现一次;恢复活动牌局须与计划名单一致,opponent_pool 802 / opponent_profiles / table_test 1879,已实现,已核验,assets/blender/characters/build_characters.py（CAST：suit/hair 色值 + hat/female 布尔）,Godot/three_d/assets/characters/dock-braggart.glb + manifest.json,"characters.gd:6-21 actor()（load(""res://three_d/assets/characters/""+id+"".glb"")）",characters.gd:22-27 build()；:44-56 refresh() 播 idle/bet/win/fold；:57-59 deliver()（world.gd:861 调用）,与 ash-smuggler/dock-braggart/river-shark/smiling-knife 同属**几何组 A**（POSITION+JOINTS_0+WEIGHTS_0 原始字节 sha256 完全相同；manifest 顶点 40282）。四者共有的几何开关是 hat=True；suit/hair 配色各自不同。
对手,ledger-clerk,账房先生,同上,content.json:152-165,同上,-,-,archetype=Nit;.28/.74/.05/0/0,同上,opponent_pool 802 / opponent_profiles,已实现,已核验,assets/blender/characters/build_characters.py（CAST：suit/hair 色值 + hat/female 布尔）,Godot/three_d/assets/characters/ledger-clerk.glb + manifest.json,"characters.gd:6-21 actor()（load(""res://three_d/assets/characters/""+id+"".glb"")）",characters.gd:22-27 build()；:44-56 refresh() 播 idle/bet/win/fold；:57-59 deliver()（world.gd:861 调用）,与 house-viper/ledger-clerk/velvet-rook 同属**几何组 B**（原始字节完全相同；manifest 顶点 39558）。几何开关 hat=False/female=False；suit/hair 配色各自不同。
对手,river-shark,河道老鲨,同上,content.json:194-207,同上,-,-,archetype=Shark;.5/.42/.09/.06/.05,同上,opponent_pool 802 / opponent_profiles,已实现,已核验,assets/blender/characters/build_characters.py（CAST：suit/hair 色值 + hat/female 布尔）,Godot/three_d/assets/characters/river-shark.glb + manifest.json,"characters.gd:6-21 actor()（load(""res://three_d/assets/characters/""+id+"".glb"")）",characters.gd:22-27 build()；:44-56 refresh() 播 idle/bet/win/fold；:57-59 deliver()（world.gd:861 调用）,与 ash-smuggler/dock-braggart/river-shark/smiling-knife 同属**几何组 A**（POSITION+JOINTS_0+WEIGHTS_0 原始字节 sha256 完全相同；manifest 顶点 40282）。四者共有的几何开关是 hat=True；suit/hair 配色各自不同。
对手,velvet-rook,绒衣新客,同上,content.json:208-221,同上,-,-,archetype=Calling Station;.34/.6/.1/.05/.07,同上,opponent_pool 802 / opponent_profiles,已实现,已核验,assets/blender/characters/build_characters.py（CAST：suit/hair 色值 + hat/female 布尔）,Godot/three_d/assets/characters/velvet-rook.glb + manifest.json,"characters.gd:6-21 actor()（load(""res://three_d/assets/characters/""+id+"".glb"")）",characters.gd:22-27 build()；:44-56 refresh() 播 idle/bet/win/fold；:57-59 deliver()（world.gd:861 调用）,与 house-viper/ledger-clerk/velvet-rook 同属**几何组 B**（原始字节完全相同；manifest 顶点 39558）。几何开关 hat=False/female=False；suit/hair 配色各自不同。
对手,calm-widow,沉静寡妇,同上,content.json:166-179,同上,-,-,archetype=Shark;.48/.62/.08/.12/.18(最高 patternPunish),同上,opponent_pool 802 / opponent_profiles,已实现,已核验,assets/blender/characters/build_characters.py（CAST：suit/hair 色值 + hat/female 布尔）,Godot/three_d/assets/characters/calm-widow.glb + manifest.json,"characters.gd:6-21 actor()（load(""res://three_d/assets/characters/""+id+"".glb"")）",characters.gd:22-27 build()；:44-56 refresh() 播 idle/bet/win/fold；:57-59 deliver()（world.gd:861 调用）,**独立几何组 D**（manifest 顶点 38588）。female=True → 加 Pinned hair、Jacket/Cranium/Jaw/Cheek 尺寸与 Fitted shirt 投影不同；suit/hair 配色唯一
对手,smiling-knife,笑面刀,同上,content.json:180-193,同上,-,-,archetype=Shark;.5/.42/.12/.24(最高 finalHandSpike)/.06,同上,opponent_pool 802 / opponent_profiles(smiling-knife 终手 all-in 上升),已实现,已核验,assets/blender/characters/build_characters.py（CAST：suit/hair 色值 + hat/female 布尔）,Godot/three_d/assets/characters/smiling-knife.glb + manifest.json,"characters.gd:6-21 actor()（load(""res://three_d/assets/characters/""+id+"".glb"")）",characters.gd:22-27 build()；:44-56 refresh() 播 idle/bet/win/fold；:57-59 deliver()（world.gd:861 调用）,与 ash-smuggler/dock-braggart/river-shark/smiling-knife 同属**几何组 A**（POSITION+JOINTS_0+WEIGHTS_0 原始字节 sha256 完全相同；manifest 顶点 40282）。四者共有的几何开关是 hat=True；suit/hair 配色各自不同。
对手,house-viper,庄家毒蛇,同上,content.json:222-235,同上,-,-,archetype=Shark;.51/.5/.08/.11/.08,同上,opponent_pool 802 / opponent_profiles,已实现,已核验,assets/blender/characters/build_characters.py（CAST：suit/hair 色值 + hat/female 布尔）,Godot/three_d/assets/characters/house-viper.glb + manifest.json,"characters.gd:6-21 actor()（load(""res://three_d/assets/characters/""+id+"".glb"")）",characters.gd:22-27 build()；:44-56 refresh() 播 idle/bet/win/fold；:57-59 deliver()（world.gd:861 调用）,与 house-viper/ledger-clerk/velvet-rook 同属**几何组 B**（原始字节完全相同；manifest 顶点 39558）。几何开关 hat=False/female=False；suit/hair 配色各自不同。
对手,ash-smuggler,灰烬走私客,同上,content.json:236-249,同上,-,-,archetype=Fish;.42/.46/.15/.07/.06,同上,opponent_pool 802 / opponent_profiles,已实现,已核验,assets/blender/characters/build_characters.py（CAST：suit/hair 色值 + hat/female 布尔）,Godot/three_d/assets/characters/ash-smuggler.glb + manifest.json,"characters.gd:6-21 actor()（load(""res://three_d/assets/characters/""+id+"".glb"")）",characters.gd:22-27 build()；:44-56 refresh() 播 idle/bet/win/fold；:57-59 deliver()（world.gd:861 调用）,与 ash-smuggler/dock-braggart/river-shark/smiling-knife 同属**几何组 A**（POSITION+JOINTS_0+WEIGHTS_0 原始字节 sha256 完全相同；manifest 顶点 40282）。四者共有的几何开关是 hat=True；suit/hair 配色各自不同。
酒保,bartender,酒保,四店各一名,Godot/three_d/scripts/bar_display.gd:13-15(实体) / bar_display.gd:38-50(deliver),bar_display.gd build/deliver;run.gd 服务入口,非牌局对手(不计入 8 位对手),-,提供购买/出售/降风声/情报服务界面;不参与牌局,不计入对手人数统计,services_save 46 / spatial_interaction 96 / characters 99,已实现,已核验,assets/blender/characters/build_characters.py（CAST：suit/hair 色值 + hat/female 布尔）；bartender 额外 standing=True,Godot/three_d/assets/characters/bartender.glb + manifest.json,"characters.gd:6-21 actor()（load(""res://three_d/assets/characters/""+id+"".glb"")）",characters.gd:22-27 build()；:44-56 refresh() 播 idle/bet/win/fold；:57-59 deliver()（world.gd:861 调用）,**独立几何组 C**：manifest 顶点 39558 与组 B 相同，但 POSITION 原始字节不同（standing=True → lift=0.35、膝/踝位置、Sleeve 材质差异）——顶点数相同不等于几何相同。遗留：bar_display.gd:13-15 仍创建 3 个占位盒体，characters.gd:28-30 已随 GLB 挂入 hide() 它们；bar_display.gd:46 的手部 tween 作用在已隐藏盒体上，可见效果由道具模型 + characters.gd:57-59 的 bet 动画承担
路线-固定,kitchen-backlift,后厨货梯接应,烟雾酒馆,content.json:663-668,run.gd:471 route_offer / run.gd:530 reserve_fee / routes.gd:16-24 fixed 报价,探索阶段服务入口预约(reserve),预付 max(10;50-10)=40;撤离另付尾款 10,撤离到账；不牺牲财物,route_flags.fixed 未知时不可用;预约过期或风声>maxHeat(4) 拒绝;本店预约不可跨店使用,reservation_coverage 88 情境 / route_guard 192 情境 / venue_transfer 923,已实现,已核验,-,-,-,-,场景图为四店共用灰盒
路线-固定,linen-cart,布草车接应,烟雾酒馆,content.json:669-677,同上,同上,预付 40 / 尾款 10,同上,同上,同上,已实现,已核验,-,-,-,-,无精确匹配的场景参考图(inventory 记录)
路线-固定,vip-elevator,贵宾电梯,高层套房,content.json:701-706,同上,同上,预付 max(10;60-0)=60 / 尾款 20,同上,同上,同上,已实现,已核验,-,-,-,-,参考图 tavern-smoky-den-route-vip-elevator-bg.png 存放在 smoky-den 目录(命名错配)
路线-固定,laundry-trolley,洗衣推车,高层套房,content.json:707-715,同上,同上,预付 max(10;55-0)=55 / 尾款 15,同上,同上,同上,已实现,已核验,-,-,-,-,无精确匹配场景图
路线-固定,staff-door,员工通道,屋顶会所,content.json:739-744,同上,同上,预付 max(10;45-5)=45 / 尾款 15,同上,同上,同上,已实现,已核验,-,-,-,-,-
路线-固定,valet-loop,代客泊车接应,屋顶会所,content.json:745-753,同上,同上,预付 max(10;55-5)=50 / 尾款 20,同上,同上,同上,已实现,已核验,-,-,-,-,-
路线-固定,data-node-gate,数据节点闸门,霓虹扑克俱乐部,content.json:777-782,同上,同上,预付 max(10;50-0)=50 / 尾款 20,同上,同上,同上,已实现,已核验,-,-,-,-,-
路线-固定,hack-door,伪装员工门禁,霓虹扑克俱乐部,content.json:784-791,同上,同上,预付 max(10;60-0)=60 / 尾款 25,同上,同上,同上,已实现,已核验,-,-,-,-,-
路线-特殊,service-stairs,后厨楼梯,烟雾酒馆,content.json:679-687,advanced_services.gd:52-54 揭示;routes.gd:25-31 报价,使用 kitchen-pass 揭示入口(需探索阶段),尾款 max(10;25-0)=25,撤离到账；不牺牲财物,未揭示不可用;风声>maxHeat(5) 拒绝;揭示后跨店清除,advanced_coverage 26 / routes_items 54 / route_guard 192,已实现,已核验,-,-,-,-,-
路线-特殊,river-launch,河边接驳,烟雾酒馆,content.json:688-696,同上(dock-passkey),使用 dock-passkey 揭示,尾款 max(10;40-0)=40,同上,同上(风声>4 拒绝),advanced_coverage 26 / route_guard 192,已实现,已核验,-,-,-,-,-
路线-特殊,service-elevator,服务电梯,高层套房,content.json:717-725,同上,使用 kitchen-pass 揭示,尾款 max(10;30-0)=30,同上,同上,advanced_coverage 26 / route_guard 192,已实现,已核验,-,-,-,-,content.json 配置键 service-stairs 与实际 id service-elevator 不一致
路线-特殊,basement-garage,地下车库,高层套房,content.json:726-734,同上,使用 dock-passkey 揭示,尾款 max(10;45-0)=45,同上,同上,同上,已实现,已核验,-,-,-,-,配置键 river-launch ≠ 实际 id basement-garage
路线-特殊,emergency-exit,紧急出口,屋顶会所,content.json:755-763,同上,使用 kitchen-pass 揭示,尾款 max(10;20-5)=15,同上,同上,同上,已实现,已核验,-,-,-,-,配置键 river-launch/service-stairs 与实际 id 不一致
路线-特殊,helipad-drop,直升机坪离场,屋顶会所,content.json:764-772,同上,使用 dock-passkey 揭示,尾款 max(10;50-5)=45,同上,同上,同上,已实现,已核验,-,-,-,-,无 rooftop 专属 heliport 参考图;配置键 ≠ 实际 id
路线-特殊,neural-jammer,神经干扰走廊,霓虹扑克俱乐部,content.json:793-801,同上,使用 kitchen-pass 揭示,尾款 max(10;30-10)=20,同上,同上,同上,已实现,已核验,-,-,-,-,配置键 ≠ 实际 id
路线-特殊,quantum-portal,量子传送门,霓虹扑克俱乐部,content.json:802-810,同上,使用 dock-passkey 揭示,尾款 max(10;55-10)=45,同上,同上,同上,已实现,已核验,-,-,-,-,配置键 ≠ 实际 id
通用撤离,general,普通出口(受税走人),全酒馆共用入口,Godot/three_d/rules/routes.gd:10-15,run.gd:233 extract / run.gd:223 discover_exit,需 public_exit 已发现(告示或完成一桌),平费+现金比例(风向 5 时另加封锁附加),撤离到账；不牺牲财物,未发现出口不可用;风声≥6 封锁;现金不足;活动牌桌未结束,route_guard 192 / lifecycle_coverage / transfer_coverage 12,已实现,已核验,-,-,-,-,web 版 forcedExitLossFactor 参数在 Godot 侧未被读取
通用撤离,fixed,预约接应,全酒馆共用的 fixed 类型,Godot/three_d/rules/routes.gd:16-24,run.gd:233 extract / advanced_services.gd:44-51 reserve,需先预约且未过期,预约预付 + 撤离尾款(两次独立扣除),撤离到账；不牺牲财物,无预约/已过期/风声超限拒绝;跨店清除预约,reservation_coverage 88 / route_guard 192,已实现,已核验,-,-,-,-,预约类型与 8 条固定路线共用同一代码路径(16 条计数不含此 4 类通用)
通用撤离,dropbag-cash,紧急出口·丢现金,全酒馆共用入口,Godot/three_d/rules/routes.gd:32-42,run.gd:233 extract,需 emergency_known()(风声≥4 或已完成一桌或持有贵重物),固定费 10 + 舍弃 min(floor(现金×40%);max(0;现金−10)),保证成功撤离,现金不足支付 10 拒绝;活动牌桌未结束,lifecycle_coverage(extract 组) / route_guard 192,已实现,已核验,-,-,-,-,BUG-P1-001 已修复(现金 10-15 时舍弃额超本金)
通用撤离,dropbag-valuables,紧急出口·丢贵重物,全酒馆共用入口,Godot/three_d/rules/routes.gd:32-42,run.gd:233 extract,需 emergency_known() 且持有贵重物,固定费 10 + 舍弃全部贵重物,保证成功撤离,无贵重物时最终原因为“没有可舍弃的贵重物”(不构成独立拒绝态),lifecycle_coverage / route_guard 192,已实现,已核验,-,-,-,-,-
