"family","source_entry","source_line","source_anchor","precondition","action","result","postcondition","existing_catalog_id","existing_test","evidence_status","evidence_path","notes"
"physical_raycast","player.gd::update_focus","Godot/three_d/scripts/player.gd:62","func update_focus","controls_enabled=true；射线 2.0m 内命中带 prompt() 的 Area3D","update_focus()","accepted：focused=anchor，focus_changed 发出","player.focused==anchor；world.hint_label.text=='E · '+anchor.title","world.focus_acquired","world_coverage_test.gd;spatial_interaction_test.gd;two_tables.gd;routes_items_test.gd","已登记且有后继状态证据","Godot/three_d/scripts/player.gd;Godot/three_d/scripts/world.gd;Godot/three_d/tests/world_coverage_test.gd","所有用真实射线瞄准的测试都隐式依赖该结果；无任何测试单独断言 focus_changed 信号或 hint_label 文本；当前目录复用 world.focus_acquired，不新增分母。"
"physical_raycast","player.gd::update_focus","Godot/three_d/scripts/player.gd:65","has_method(""prompt"")","射线命中 StaticBody3D 或无 prompt() 方法的 Area3D","update_focus()","rejected：focused=null，hint 清空","player.focused==null；hint_label.text==''","(无)","smoke.gd:47-50","有A4探针后继状态证据","Godot/three_d/scripts/player.gd;Godot/three_d/tests/smoke.gd;output/external-handoff/A4/a4-world-probe.log","既有测试证据不足：smoke.gd 只核 request_action 返回 false，未核 focused/hint。本轮探针 raycast_occluded_solid 核对 focused!=anchor 且 checkpoint_state 不变"
"physical_raycast","player.gd::update_focus","Godot/three_d/scripts/player.gd:64","ray.get_collider() if controls_enabled","controls_enabled=false（暂停/入座/弹窗）","update_focus()","rejected：hit 强制为 null -> focused=null","focused==null；不可交互","world.focus_controls_disabled","world_coverage_test.gd:33-39;world_coverage_test.gd:62","已登记且有后继状态证据","Godot/three_d/scripts/player.gd;Godot/three_d/tests/world_coverage_test.gd","该结果与 can_interact 的 controls_enabled 项重合；测试是经由 request_action 观察到的，未单独断言 focused；当前目录复用 world.focus_controls_disabled，不新增分母。"
"physical_raycast","world.gd::request_action","Godot/three_d/scripts/world.gd:477","player.can_interact(anchor)","准星未对准（focused!=anchor）","request_action(anchor)","rejected：返回 false","checkpoint_state 快照完全不变","world.raycast_unfocused","world_coverage_test.gd:22-23","已登记且有后继状态证据","Godot/three_d/scripts/world.gd;Godot/three_d/tests/world_coverage_test.gd","已登记 24 条之一，不重复计入新增分母"
"physical_raycast","world.gd::request_action","Godot/three_d/scripts/world.gd:477","player.can_interact(anchor)","瞄准方向正确但距离 > REACH(2.0)","request_action(anchor)","rejected：返回 false","focused!=anchor；checkpoint_state 快照完全不变","(无)","(无)","有A4探针后继状态证据","Godot/three_d/scripts/player.gd:7;output/external-handoff/A4/a4-world-probe.log","探针 raycast_out_of_reach：dist=3.01m，r=false，快照不变。与 raycast_unfocused 后继等价但前置条件类别不同（按要求分列）"
"physical_raycast","world.gd::request_action","Godot/three_d/scripts/world.gd:477","player.can_interact(anchor)","射线被不可交互实心碰撞体遮挡","request_action(anchor)","rejected：返回 false","focused!=anchor；checkpoint_state 快照完全不变","(无)","smoke.gd:47-50","有A4探针后继状态证据","Godot/three_d/tests/smoke.gd;output/external-handoff/A4/a4-world-probe.log","既有测试证据不足：smoke.gd 只核返回值。探针 raycast_occluded_solid 补齐 focused 与快照断言"
"physical_raycast","interactable.gd::prompt","Godot/three_d/scripts/interactable.gd:9","if enabled else disabled_reason","anchor.enabled=false","prompt() + player.can_interact() + world.request_action()","disabled reason shown; action rejected","hint_label.text==disabled_reason; request_action==false; checkpoint_state unchanged","world.interactable_disabled","world_coverage_test.gd","已登记且有后继状态证据","Godot/three_d/scripts/interactable.gd;Godot/three_d/tests/world_coverage_test.gd","@export 分支本身已实现，旧报告把“无现有实例”误判为源码未实现；新测试通过引擎测试实例设置 disabled 属性覆盖该条件；当前内容没有静态 disabled anchor"
"prop_interactions","scene_props.gd::interact","Godot/three_d/scripts/scene_props.gd:11","func interact","props.states.lamp==false；动画空闲","request_action(prop:lamp 锚点)","accepted：states.lamp=true，light_energy 补间到 opened(0.0)","states.lamp==true；lamp.light_energy≈0.0；run 快照不变","world.prop_on;world.prop_visual","world_coverage_test.gd:24-32;spatial_interaction_test.gd:44-53","已登记且有后继状态证据","Godot/three_d/scripts/scene_props.gd:25;output/external-handoff/A4/a4-world-probe.log","探针 prop_lamp_forward/visual_open/run_untouched 复核通过"
"prop_interactions","scene_props.gd::interact","Godot/three_d/scripts/scene_props.gd:11","func interact","props.states.lamp==true；动画空闲","request_action(prop:lamp 锚点)","accepted：states.lamp=false，light_energy 补间回 closed(1.7)","states.lamp==false；lamp.light_energy≈1.7","(无)","(无)","有A4探针后继状态证据","Godot/three_d/scripts/scene_props.gd:13-16;output/external-handoff/A4/a4-world-probe.log","反向（关灯）方向：24 条 world.* 中 prop_* 全为 accepted 正向，反向无任何登记；探针 prop_lamp_reverse 取证"
"prop_interactions","scene_props.gd::interact","Godot/three_d/scripts/scene_props.gd:36","register(id, drawer","props.states.drawerN==false；动画空闲（N=0,1,2）","request_action(prop:drawerN 锚点)","accepted：states=true，drawer.position 补间到 +Z 0.4","states.drawerN==true；position≈opened","world.prop_drawer0","world_coverage_test.gd:44-45;spatial_interaction_test.gd:44-53","已登记且有后继状态证据","Godot/three_d/scripts/scene_props.gd:27-37;output/external-handoff/A4/a4-world-probe.log","覆盖目录只登记 drawer0；drawer1/drawer2 由 spatial_interaction_test.gd 与探针覆盖。抽屉把自身 anchor 一起平移 +Z0.4，反向操作必须重新瞄准"
"prop_interactions","scene_props.gd::interact","Godot/three_d/scripts/scene_props.gd:36","register(id, drawer","props.states.drawerN==true；动画空闲","request_action(prop:drawerN 锚点，重新瞄准后)","accepted：states=false，position 补间回 closed","states.drawerN==false；position≈closed","(无)","(无)","有A4探针后继状态证据","Godot/three_d/scripts/scene_props.gd:36;output/external-handoff/A4/a4-world-probe.log","探针 prop_drawer0/1/2_reverse 全部 PASS（先重新瞄准再按，因 anchor 随抽屉移动）"
"prop_interactions","scene_props.gd::interact","Godot/three_d/scripts/scene_props.gd:54","register(""window""","props.states.window==false；动画空闲","request_action(prop:window 锚点)","accepted：states=true，rotation:y 补间到 -0.95","states.window==true；rot.y≈-0.95","world.prop_window","world_coverage_test.gd:44-45;spatial_interaction_test.gd:44-53","已登记且有后继状态证据","Godot/three_d/scripts/scene_props.gd:54;output/external-handoff/A4/a4-world-probe.log","—"
"prop_interactions","scene_props.gd::interact","Godot/three_d/scripts/scene_props.gd:54","register(""window""","props.states.window==true；动画空闲","request_action(prop:window 锚点)","accepted：states=false，rotation:y 补间回 0.0","states.window==false；rot.y≈0.0","(无)","(无)","有A4探针后继状态证据","Godot/three_d/scripts/scene_props.gd:54;output/external-handoff/A4/a4-world-probe.log","探针 prop_window_reverse PASS"
"prop_interactions","scene_props.gd::interact","Godot/three_d/scripts/scene_props.gd:89","register(""card""","props.states.card==false；动画空闲","request_action(prop:card 锚点)","accepted：states=true，rotation:z 补间到 PI","states.card==true；rot.z≈PI","world.prop_card","world_coverage_test.gd:44-45;spatial_interaction_test.gd:44-53","已登记且有后继状态证据","Godot/three_d/scripts/scene_props.gd:89;output/external-handoff/A4/a4-world-probe.log","—"
"prop_interactions","scene_props.gd::interact","Godot/three_d/scripts/scene_props.gd:89","register(""card""","props.states.card==true；动画空闲","request_action(prop:card 锚点)","accepted：states=false，rotation:z 补间回 0.0","states.card==false；rot.z≈0.0","(无)","(无)","有A4探针后继状态证据","Godot/three_d/scripts/scene_props.gd:89;output/external-handoff/A4/a4-world-probe.log","探针 prop_card_reverse PASS（翻回）"
"prop_interactions","scene_props.gd::interact","Godot/three_d/scripts/scene_props.gd:104","register(""chip""","props.states.chip==false；动画空闲","request_action(prop:chip 锚点)","accepted：states=true，rotation:y 补间到 1.5PI","states.chip==true；rot.y≈1.5PI","world.prop_chip","world_coverage_test.gd:44-45;spatial_interaction_test.gd:44-53","已登记且有后继状态证据","Godot/three_d/scripts/scene_props.gd:104;output/external-handoff/A4/a4-world-probe.log","—"
"prop_interactions","scene_props.gd::interact","Godot/three_d/scripts/scene_props.gd:104","register(""chip""","props.states.chip==true；动画空闲","request_action(prop:chip 锚点)","accepted：states=false，rotation:y 补间回 0.0","states.chip==false；rot.y≈0.0","(无)","(无)","有A4探针后继状态证据","Godot/three_d/scripts/scene_props.gd:104;output/external-handoff/A4/a4-world-probe.log","探针 prop_chip_reverse PASS（转回）"
"prop_interactions","scene_props.gd::interact","Godot/three_d/scripts/scene_props.gd:110","register(prefix + ""light""","props.states.<Room>light==false；动画空闲（Tavern/LedgerCellar/MirrorHall/EmbersRoom 四室同构）","request_action(prop:<Room>light 锚点)","accepted：states=true，light_energy 补间到 0.0","states.<Room>light==true；light_energy≈0.0","(无)","(无)","有A4探针后继状态证据","Godot/three_d/scripts/scene_props.gd:108-110;Godot/three_d/scripts/world.gd:299;output/external-handoff/A4/a4-world-probe.log","目录里没有、也确实缺证据：四室壁灯无任何既有测试。四室后继一致，合并为一条（差异仅为 room_name 前缀）。探针 prop_<Room>light_forward 四条全 PASS"
"prop_interactions","scene_props.gd::interact","Godot/three_d/scripts/scene_props.gd:110","register(prefix + ""light""","props.states.<Room>light==true；动画空闲","request_action(prop:<Room>light 锚点)","accepted：states=false，light_energy 补间回 0.8","states.<Room>light==false；light_energy≈0.8","(无)","(无)","有A4探针后继状态证据","Godot/three_d/scripts/scene_props.gd:110;output/external-handoff/A4/a4-world-probe.log","探针 prop_<Room>light_reverse 四条全 PASS"
"prop_interactions","scene_props.gd::interact","Godot/three_d/scripts/scene_props.gd:117","register(prefix + ""cupboard""","props.states.<Room>cupboard==false；动画空闲（四室同构）","request_action(prop:<Room>cupboard 锚点)","accepted：states=true，rotation:y 补间到 -1.2","states.<Room>cupboard==true；rot.y≈-1.2","(无)","(无)","有A4探针后继状态证据","Godot/three_d/scripts/scene_props.gd:111-117;Godot/three_d/scripts/world.gd:299;output/external-handoff/A4/a4-world-probe.log","目录里没有、也确实缺证据：四室餐具柜无任何既有测试。探针 prop_<Room>cupboard_forward 四条全 PASS"
"prop_interactions","scene_props.gd::interact","Godot/three_d/scripts/scene_props.gd:117","register(prefix + ""cupboard""","props.states.<Room>cupboard==true；动画空闲","request_action(prop:<Room>cupboard 锚点)","accepted：states=false，rotation:y 补间回 0.0","states.<Room>cupboard==false；rot.y≈0.0","(无)","(无)","有A4探针后继状态证据","Godot/three_d/scripts/scene_props.gd:117;output/external-handoff/A4/a4-world-probe.log","探针 prop_<Room>cupboard_reverse 四条全 PASS（关合）"
"prop_interactions","world.gd::request_action","Godot/three_d/scripts/world.gd:477","action_busy","同一道具动画进行中（action_busy=true，补间 0.45s 未结束）","request_action(同一 prop 锚点)","rejected：返回 false","action_busy 仍 true；checkpoint_state 快照与首次接受后一致","world.busy_guard","world_coverage_test.gd:29-30;smoke.gd:41-42","已登记且有后继状态证据","Godot/three_d/scripts/scene_props.gd:14-17;Godot/three_d/tests/world_coverage_test.gd","world.busy_guard 是唯一在公开入口下不被 can_interact 掩盖的守卫（它不改 controls_enabled）。探针 prop_*_busy 十五条全 PASS"
"prop_interactions","world.gd::request_action","Godot/three_d/scripts/world.gd:477","action_busy","道具 A 动画进行中，立即转向道具 B","request_action(道具 B 锚点)","rejected：返回 false","B 未变；checkpoint_state 快照不变","(无)","(无)","有A4探针后继状态证据","Godot/three_d/scripts/scene_props.gd:14;output/external-handoff/A4/a4-world-probe.log","action_busy 是 world 级共享标志：任一 prop/toggle_case 动画都会阻塞所有其他道具。探针 cross_prop_busy PASS。无既有测试"
"prop_interactions","world.gd::request_action","Godot/three_d/scripts/world.gd:500","""toggle_case"":","case_open==true；lid 有效；动画空闲","request_action(case_target 锚点)","accepted：case_open=true->false，盖板补间到 打开+102°","case_open==false；lid.rotation≈lid_open_rotation+102°；case_target.title=='打开皮箱'","world.case_close","smoke.gd:38-43","已登记且有后继状态证据","Godot/three_d/scripts/world.gd:500-510;Godot/three_d/tests/smoke.gd;output/external-handoff/A4/a4-world-probe.log","目录里没有：皮箱盖是 request_action 内实现，不走 props.interact，24 条 world.* 中无任何 toggle_case 登记。探针 toggle_case_close PASS；当前目录复用 world.case_close，不新增分母。"
"prop_interactions","world.gd::request_action","Godot/three_d/scripts/world.gd:500","""toggle_case"":","case_open==false；lid 有效；动画空闲","request_action(case_target 锚点)","accepted：case_open=false->true，盖板补间回 lid_open_rotation","case_open==true；lid.rotation≈lid_open_rotation；case_target.title=='合上皮箱'","world.case_reopen","smoke.gd:45-48","已登记且有后继状态证据","Godot/three_d/scripts/world.gd:500-510;Godot/three_d/tests/smoke.gd;output/external-handoff/A4/a4-world-probe.log","反向（翻回）方向。既有 smoke.gd 已核 case_open 与 lid.rotation 是否回到 lid_open_rotation；探针 toggle_case_open PASS；当前目录复用 world.case_reopen，不新增分母。"
"prop_interactions","scene_props.gd::interact","Godot/three_d/scripts/scene_props.gd:12","var entry: Dictionary = entries[id]","未注册的 prop id","props.interact(未注册 id)","不可到达","—","(无)","(无)","不可到达","Godot/three_d/scripts/scene_props.gd:11-12","全部 prop:* 锚点均由 register(...) 与 world.target(...) 成对创建（world.gd:312-326 / scene_props.gd:24-117），公开入口无法构造未注册 id；request_action 的 prop: 分支不会走到这里"
"seat","world.gd::request_action","Godot/three_d/scripts/world.gd:530","""sit"":","run 已激活且 table_blocked_reason(active_table_id) 为空；射线命中 TableSeat","request_action(table_target)","accepted：seated=true；切座位相机；seat_panel.pregame+show；controls_enabled=false；隐藏准星与探索提示；鼠标可见","seated==true；seat_panel.visible==true；player.controls_enabled==false；seat_camera.current==true","world.seat","world_coverage_test.gd:62;smoke.gd:64-66;two_tables.gd:18","已登记且有后继状态证据","Godot/three_d/scripts/world.gd:530-544;Godot/three_d/tests/world_coverage_test.gd","—"
"seat","world.gd::request_action","Godot/three_d/scripts/world.gd:531","table_blocked_reason(active_table_id)","run 未激活（或该桌前置未满足）","request_action(table_target)","rejected：返回 false，hint_label 写入原因","seated==false；checkpoint_state 快照不变；hint_label.text 非空（'先从藏匿点进入酒馆'）","world.seat_blocked","world_coverage_test.gd:50-51;room_pool_test.gd:83","已登记且有后继状态证据","Godot/three_d/scripts/world.gd:531-534;Godot/three_d/tests/world_coverage_test.gd","探针 seat_blocked_no_run 复核 hint='先从藏匿点进入酒馆' 且快照不变"
"seat","world.gd::request_action","Godot/three_d/scripts/world.gd:477","seated","已入座时再触发任意世界锚点","request_action(prop:lamp 锚点)","rejected：返回 false","seated==true；player.controls_enabled==false；checkpoint_state 快照不变","(无)","(无)","有A4探针后继状态证据","Godot/three_d/scripts/world.gd:477;Godot/three_d/scripts/player.gd:72;output/external-handoff/A4/a4-world-probe.log","守卫项 seated 在自然路径下与 can_interact 的 controls_enabled 项重合（入座必然关控制），无法单独归因；探针 guard_seated_natural PASS"
"leave_seat","world.gd::leave_seat","Godot/three_d/scripts/world.gd:565","if paused or not seated","seated==true；table_game==null（未开局）；paused==false","leave_seat()","accepted：seated=false；controls_enabled=true；相机切回；座位面板隐藏；鼠标捕获；回到 return_transform","not seated；table_game==null；player.camera.current==true；player.global_position≈入座前位置","world.leave_pregame","world_coverage_test.gd:67-68;smoke.gd:66-68","已登记且有后继状态证据","Godot/three_d/scripts/world.gd:564-584;Godot/three_d/tests/world_coverage_test.gd","—"
"leave_seat","world.gd::leave_seat","Godot/three_d/scripts/world.gd:565","table_game.state.status != ""finished""","seated==true；table_game!=null 且 status!='finished'","leave_seat()","rejected：返回","seated==true；table_game 仍是同一对象；run_game.cash 不变","world.leave_active_rejected","world_coverage_test.gd:75-76;table_integration.gd:30","已登记且有后继状态证据","Godot/three_d/scripts/world.gd:565-566;Godot/three_d/tests/world_coverage_test.gd","—"
"leave_seat","world.gd::leave_seat","Godot/three_d/scripts/world.gd:568","settle_table(run_game.revision)","seated==true；table_game.status=='finished'；settle_table 成功","leave_seat()","accepted：结算入账；completed 记录该桌；清空牌面；返回座位前位置","not seated；table_game==null；run_game.cash==入座前+返还筹码；完成桌 id 进入 completed","world.leave_finished","world_coverage_test.gd:90-93;four_tables_test.gd:79-82;two_tables.gd:50-52","已登记且有后继状态证据","Godot/three_d/scripts/world.gd:567-584;Godot/three_d/tests/world_coverage_test.gd","—"
"leave_seat","world.gd::leave_seat","Godot/three_d/scripts/world.gd:565","not seated","seated==false","leave_seat()","rejected：返回","checkpoint_state 快照完全不变","world.leave_unseated","world_coverage_test.gd:94-96","已登记且有后继状态证据","Godot/three_d/scripts/world.gd:565;Godot/three_d/tests/world_coverage_test.gd","—"
"leave_seat","world.gd::leave_seat","Godot/three_d/scripts/world.gd:565","paused","seated==true；paused==true","leave_seat()","rejected：返回","seated 与 paused 均不变；checkpoint_state 快照不变","(无)","(无)","有A4探针后继状态证据","Godot/three_d/scripts/world.gd:565;Godot/three_d/tests/table_integration.gd;output/external-handoff/A4/a4-world-probe.log","目录里没有、确实缺证据。注意 seat_panel 在暂停时被隐藏，所以该分支只能由公开入口程序化调用，键鼠 GUI 不可达。探针 leave_paused_rejected PASS"
"leave_seat","world.gd::leave_seat","Godot/three_d/scripts/world.gd:568","not run_game.settle_table","seated==true；table_game!=null；status=='finished'；但 settle_table 返回 false（重复结算/版本不符）","leave_seat()","rejected：返回","seated 不变；table_game 不变","(无)","(无)","unverified","Godot/three_d/scripts/world.gd:568-569","该拒绝分支存在于源码，但未构造出可达实例（正常流程下 finished 只结算一次）。仅凭静态阅读判定可达性 -> unverified，不计入已证实分母"
"leave_seat","world.gd::leave_seat","Godot/three_d/scripts/world.gd:584","check_pressure()","seated==true；table_game==null；离座后 check_pressure 触发风声封锁","leave_seat()","accepted 且被强制撤离：travel('stash')，run 结束，last_result.forced==true","not seated；not run_game.active；current_room=='stash'；last_result.forced==true","(无)","routes_items_test.gd:164-167","有A4探针后继状态证据","Godot/three_d/scripts/world.gd:584;Godot/three_d/scripts/world.gd:1039-1043;output/external-handoff/A4/a4-world-probe.log","既有 routes_items_test.gd 是从 check_pressure() 入口测的（未登记为 world.*）；探针从 leave_seat 入口取证（heat=6 与 inventory 为显式构造前置条件，日志 A4ISO 标注）"
"pause","world.gd::pause_game","Godot/three_d/scripts/world.gd:601","func pause_game","paused==false；not seated","pause_game()","accepted：paused=true；controls_enabled=false；pause_panel.show；准星隐藏；鼠标可见；按钮文本'继续探索'","paused==true；pause_panel.visible==true；player.controls_enabled==false","world.pause","world_coverage_test.gd:63-64","已登记且有后继状态证据","Godot/three_d/scripts/world.gd:601-610;Godot/three_d/tests/world_coverage_test.gd","—"
"pause","world.gd::pause_game","Godot/three_d/scripts/world.gd:604","if seated:","seated==true","pause_game()","accepted：paused=true；seat_panel 隐藏；pause_panel.show；按钮文本'继续牌局'","paused==true；seat_panel.visible==false；pause_panel.visible==true；player.controls_enabled==false","world.pause","world_coverage_test.gd:63-64;table_integration.gd:34-35","已登记且有后继状态证据","Godot/three_d/scripts/world.gd:601-608;Godot/three_d/tests/table_integration.gd","目录只有一条 world.pause；此处是同一入口在 seated 下的语义结果（按钮文本与 seat_panel 后继不同），已登记 ID 复用不新增分母"
"pause","world.gd::request_action","Godot/three_d/scripts/world.gd:477","paused","paused==true 时触发任意世界锚点","request_action(anchor)","rejected：返回 false","checkpoint_state 快照完全不变","world.pause_guard","world_coverage_test.gd:33-35","已登记且有后继状态证据","Godot/three_d/scripts/world.gd:477;Godot/three_d/tests/world_coverage_test.gd","探针 guard_paused_isolated 把 controls_enabled 暂时置真以隔离该守卫项（A4ISO 标注），确认 paused 项本身是决定因素"
"pause","world.gd::pause_game","Godot/three_d/scripts/world.gd:602","paused = true","paused==true（重复调用）","pause_game()","accepted（幂等）：各可见性/控制字段被再写一遍，无新增副作用","仍 paused==true","(无)","(无)","未找到测试","Godot/three_d/scripts/world.gd:601-610","pause_game 无入参守卫；键鼠路径由 toggle_pause 统一路由（world.gd:586-599），重复调用只能程序化触发。既有测试未覆盖"
"pause","world.gd::toggle_pause","Godot/three_d/scripts/world.gd:586","func toggle_pause","玩家按 Esc","toggle_pause()","分派：close_services() / close_run_panel() / resume() / leave_seat() / pause_game()","取决于所走分支","world.toggle_pause_services;world.toggle_pause_run_panel;world.toggle_pause_resume;world.toggle_pause_pregame_leave;world.pause","table_integration.gd:24-25;table_integration.gd:35;smoke.gd:54-57","已登记且有后继状态证据","Godot/three_d/scripts/world.gd:586-599;Godot/three_d/tests/table_integration.gd","toggle_pause 未列入 A4 领取的 10 个入口，但它是 pause 的真实玩家入口（player.pause_requested 信号），故一并记录其分派语义；该汇总行映射五个分派后继的既有 ID，不额外建立“dispatch”转移或增加分母。"
"resume","world.gd::resume","Godot/three_d/scripts/world.gd:612","func resume","paused==true；not seated","resume()","accepted：paused=false；controls_enabled=true；pause_panel 隐藏；准星可见；鼠标捕获","paused==false；player.controls_enabled==true；pause_panel.visible==false；crosshair.visible==true","world.resume","world_coverage_test.gd:36-37;smoke.gd:57","已登记且有后继状态证据","Godot/three_d/scripts/world.gd:612-619;Godot/three_d/tests/world_coverage_test.gd","—"
"resume","world.gd::resume","Godot/three_d/scripts/world.gd:614","player.controls_enabled = not seated","paused==true；seated==true","resume()","accepted：paused=false；seat_panel.show；controls_enabled 保持 false；准星隐藏；鼠标可见","paused==false；seat_panel.visible==true；player.controls_enabled==false；seated==true","world.resume","world_coverage_test.gd:65-66;table_integration.gd:39-42;world_restore_atomic_test.gd:65","已登记且有后继状态证据","Godot/three_d/scripts/world.gd:612-619;Godot/three_d/tests/table_integration.gd","目录只有一条 world.resume；此处是同一入口在 seated 下的语义结果（后继相反），不新增分母"
"resume","world.gd::resume","Godot/three_d/scripts/world.gd:613","paused = false","paused==false（重复调用）","resume()","accepted（幂等）：无新增副作用","仍 paused==false","(无)","(无)","未找到测试","Godot/three_d/scripts/world.gd:612-619","resume 无入参守卫；键鼠路径只能从暂停面板按钮或 toggle_pause 到达。既有测试未覆盖该幂等调用"
"room_entry","world.gd::confirm_run_action","Godot/three_d/scripts/world.gd:837","if run_action == ""enter""","run_panel 可见；run_action=='enter'；run_confirm 未禁用；vault>=120","confirm_run_action()","accepted：run_game.start 成功；close_run_panel；travel('tavern')；exit_notice.title 复位","active==true；current_room=='tavern'；vault 减 300；cash==300；run_panel.visible==false","world.room_entry","world_coverage_test.gd:52-57;playtest_seed_test.gd:26-28;table_integration.gd:19-23","已登记且有后继状态证据","Godot/three_d/scripts/world.gd:837-844;Godot/three_d/tests/world_coverage_test.gd","—"
"room_entry","world.gd::confirm_run_action","Godot/three_d/scripts/world.gd:845","if run_action == ""transfer""","已知 run 已 active 且本轮至少完成 1 桌；quote.reason 为空","confirm_run_action()","accepted：transfer_venue 成功；close_run_panel；travel('tavern')","current_room=='tavern'；run_game.scene_id==目标场景；venue_history.size()==2；vault 不变；cash 减 quote.fee；public_exit 复位","world.transfer_confirm","world_coverage_test.gd:97-103;scene_rules_test.gd:76-91","已登记且有后继状态证据","Godot/three_d/scripts/world.gd:845-851;Godot/three_d/tests/world_coverage_test.gd","—"
"room_entry","world.gd::confirm_run_action","Godot/three_d/scripts/world.gd:852","if run_action == ""extract""","已发现出口（general 路线已知）；quote.reason 为空","confirm_run_action()","accepted：extract 成功；close_run_panel；travel('stash')","active==false；current_room=='stash'；vault==此前+quote.net；cash==0；run_panel.visible==false","world.extract_confirm","world_coverage_test.gd:104-108;scene_rules_test.gd:92-97;routes_items_test.gd:145-146","已登记且有后继状态证据","Godot/three_d/scripts/world.gd:852-857;Godot/three_d/tests/world_coverage_test.gd","—"
"room_entry","world.gd::confirm_run_action","Godot/three_d/scripts/world.gd:858","if run_action == ""abandon""","quote.reason 为空","confirm_run_action()","accepted：abandon 成功；close_run_panel；travel('stash')","active==false；current_room=='stash'；vault==quote.vaultAfter；last_result.abandoned==true；cash==0","world.abandon_confirm","world_coverage_test.gd:109-114;routes_items_test.gd:152-161","已登记且有后继状态证据","Godot/three_d/scripts/world.gd:858-863;Godot/three_d/tests/world_coverage_test.gd","—"
"room_entry","world.gd::confirm_run_action","Godot/three_d/scripts/world.gd:864","if run_action == ""reset""","vault<120 时 show_run_panel('enter') 把 run_action 改成 'reset'","confirm_run_action()","accepted：reset_demo 成功；refresh_economy；再次 show_run_panel('enter')","vault==startingVault；active==false；current_room=='stash'；run_panel.visible==true；run_action=='enter'","world.reset_confirm","world_coverage_test.gd:115-119","已登记且有后继状态证据","Godot/three_d/scripts/world.gd:864-868;Godot/three_d/tests/world_coverage_test.gd","—"
"room_entry","world.gd::confirm_run_action","Godot/three_d/scripts/world.gd:835","if not run_panel.visible or paused","run_panel.visible==false","confirm_run_action()","rejected：返回","run_game 状态与 revision 不变；run_panel 仍不可见","(无)","(无)","有A4探针后继状态证据","Godot/three_d/scripts/world.gd:835;output/external-handoff/A4/a4-world-probe.log","目录里没有、确实缺证据。探针 confirm_panel_hidden_noop PASS"
"room_entry","world.gd::confirm_run_action","Godot/three_d/scripts/world.gd:835","paused","paused==true（run_panel 已被 show_run_panel 打开）","confirm_run_action()","rejected：返回","run_panel 仍可见；paused 仍 true；run_game.revision 不变","(无)","(无)","有A4探针后继状态证据","Godot/three_d/scripts/world.gd:835;output/external-handoff/A4/a4-world-probe.log","探针 confirm_paused_noop PASS"
"room_entry","world.gd::confirm_run_action","Godot/three_d/scripts/world.gd:835","run_confirm.disabled","三种前置：路线未确认(route:fixed 未预约) / preview_only=true / 未发现出口的 extract","confirm_run_action()","rejected：返回","run_panel 仍可见；run_game.revision 不变","(无)","scene_rules_test.gd:88-89;extraction_fallback_ui_test.gd:36-60","有A4探针后继状态证据","Godot/three_d/scripts/world.gd:801-819;Godot/three_d/scripts/world.gd:835;output/external-handoff/A4/a4-world-probe.log","既有测试只断言 run_confirm.disabled 与 run_body 文本（证明按钮被禁用），未断言确认后 run 状态不变；探针 confirm_disabled_* 三条补齐 revision 不变断言"
"room_entry","world.gd::travel","Godot/three_d/scripts/world.gd:549","func travel","玩家在任意房间","travel(destination)","accepted：characters.sync/bar_display.refresh/refresh_route_labels；current_room=destination；select_table_room；落点与朝向重设；title_label 更新","current_room==destination；player 落到该房间入口坐标；title_label 文本对应房间","world.travel_landing","two_tables.gd:64-75;four_tables_test.gd:47-99;room_pool_test.gd:91-99;scene_rules_test.gd:84-86","已登记且有后继状态证据","Godot/three_d/scripts/world.gd:549-562;output/external-handoff/A4/a4-world-probe.log","目录里没有 travel 的独立登记；探针 travel_all_destinations 只核 current_room（title/落点未逐项断言，已在日志 A4NOTE 注明）；当前目录复用 world.travel_landing，不新增分母。"
"room_entry","world.gd::request_action","Godot/three_d/scripts/world.gd:491","str(anchor.action_id).begins_with(""room:"")","room_blocked_reason 为空（前置桌已完成）","request_action(room:<dest> 锚点) 或 request_action(ledger_door)","accepted：travel(destination)","current_room==destination","world.room_entry","two_tables.gd:66-67;four_tables_test.gd:55-57;room_pool_test.gd:89","已登记且有后继状态证据","Godot/three_d/scripts/world.gd:491-498;Godot/three_d/scripts/world.gd:517-521;output/external-handoff/A4/a4-world-probe.log","目录里没有 room:* / enter_ledger / back_tavern 的登记。探针 room_door_unlock 以 completed 注入到达该分支（日志 A4ISO 标注）；当前目录复用 world.room_entry，不新增分母。与完整落点结果属于同一“进入目标房间”后继语义。"
"room_entry","world.gd::request_action","Godot/three_d/scripts/world.gd:493","room_blocked_reason(ROOMS[destination].table)","目标房间前置未完成（货运桌未离座）","request_action(room:<dest> 锚点) 或 request_action(ledger_door)","rejected：返回 false，hint_label 写入原因","current_room 不变；hint_label.text 非空（'先完成货运桌并离座'）","(无)","two_tables.gd:62;room_pool_test.gd:83;room_pool_test.gd:93-94","有A4探针后继状态证据","Godot/three_d/scripts/world.gd:493-496;Godot/three_d/scripts/world.gd:517-520;output/external-handoff/A4/a4-world-probe.log","既有测试证据不足：two_tables.gd:62 与 room_pool_test.gd:83 只核返回值，未核快照。探针 room_door_blocked 补齐 checkpoint_state 不变断言"
"room_entry","world.gd::show_run_panel","Godot/three_d/scripts/world.gd:754","func show_run_panel","玩家按 E 触发门/路线/放弃/撤离/背包路线","show_run_panel(action[,preview_only])","accepted：面板主体按分支改写（heading/body/confirm 文本/disabled/transfer_button 可见性），controls_enabled=false，准星隐藏，鼠标可见","run_panel.visible==true；run_action 与 selected_route 被设置；在不同分支下 run_confirm.disabled 与 run_body.text 不同","world.show_run_panel","extraction_fallback_ui_test.gd:36-60;scene_rules_test.gd:79-89;routes_items_test.gd:152-153;playtest_seed_test.gd:26","已登记且有后继状态证据","Godot/three_d/scripts/world.gd:754-825","目录里没有 show_run_panel 的任何登记。既有测试对面板文本/禁用状态断言充分，但未做快照级断言；当前目录复用 world.show_run_panel，不新增分母。"
"room_entry","world.gd::request_action","Godot/three_d/scripts/world.gd:524","""discover_exit"":","run 已激活；射线命中 ExitNoticeTarget","request_action(exit_notice)","accepted：run_game.discover_exit()；exit_notice.title 改为已确认文案；refresh_route_labels/refresh_economy","public_exit==true；route_known('general')==true；exit_notice.title=='出口已确认 · 门口可查看撤离费用'","world.discover_exit","two_tables.gd:77;output/external-handoff/A4/a4-world-probe.log","已登记且有后继状态证据","Godot/three_d/scripts/world.gd:524-529;output/external-handoff/A4/a4-world-probe.log","目录里没有 discover_exit 的登记。既有测试证据不足：two_tables.gd:77 只核 request_action 返回 true，未核 public_exit/title。探针另测重复触发：仍返回 true，但 run_game.revision 与运行状态不变（幂等，非缺陷）；当前目录复用 world.discover_exit，不新增分母。"
"room_entry","world.gd::close_run_panel","Godot/three_d/scripts/world.gd:827","func close_run_panel","玩家按'返回探索'或背包按钮","close_run_panel()","accepted：run_panel.hide；run_action=''；controls_enabled=not paused and not seated；准星与鼠标模式同步","run_panel.visible==false；run_action==''","world.close_run_panel","smoke.gd:72-74;scene_rules_test.gd:90;extraction_fallback_ui_test.gd:59","已登记且有后继状态证据","Godot/three_d/scripts/world.gd:827-832","既有测试调用它并随后成功交互（隐含控制已恢复），但无直接断言；当前目录复用 world.close_run_panel，不新增分母。"
"modal_guards","world.gd::request_action","Godot/three_d/scripts/world.gd:477","services_panel.visible","服务弹窗可见","request_action(anchor)","rejected：返回 false","checkpoint_state 快照完全不变","world.modal_guard","world_coverage_test.gd:37-39","已登记且有后继状态证据","Godot/three_d/scripts/world.gd:477;Godot/three_d/tests/world_coverage_test.gd","探针 guard_services_natural 复核。该守卫项与 can_interact 的 controls_enabled 项重合（open_services 必然关控制）"
"modal_guards","world.gd::request_action","Godot/three_d/scripts/world.gd:477","run_panel.visible","路线确认弹窗可见","request_action(anchor)","rejected：返回 false","checkpoint_state 快照完全不变","(无)","world_coverage_test.gd:33-39(仅覆盖 paused/services)","有A4探针后继状态证据","Godot/three_d/scripts/world.gd:477;output/external-handoff/A4/a4-world-probe.log","目录里没有、确实缺证据。探针 guard_run_panel_isolated 把 controls_enabled 置真隔离该守卫项（A4ISO 标注）"
"modal_guards","world.gd::request_action","Godot/three_d/scripts/world.gd:477","action_busy","道具/皮箱动画进行中","request_action(anchor)","rejected：返回 false","checkpoint_state 快照完全不变","world.busy_guard","world_coverage_test.gd:29-30","已登记且有后继状态证据","Godot/three_d/scripts/world.gd:477;Godot/three_d/tests/world_coverage_test.gd","busy 是唯一在公开入口下不被 can_interact 掩盖的守卫项，语义上与其它四项守卫不同（见 README）"
"modal_guards","world.gd::open_services","Godot/three_d/scripts/world.gd:888","paused","paused==true","open_services(mode)","rejected：返回","services_panel.visible==false","(无)","(无)","有A4探针后继状态证据","Godot/three_d/scripts/world.gd:887-889;output/external-handoff/A4/a4-world-probe.log","目录里没有 open_services 的登记。探针 open_services_blocked_paused PASS"
"modal_guards","world.gd::open_services","Godot/three_d/scripts/world.gd:888","run_panel.visible","run_panel 可见","open_services(mode)","rejected：返回","services_panel.visible==false","(无)","(无)","有A4探针后继状态证据","Godot/three_d/scripts/world.gd:887-889;output/external-handoff/A4/a4-world-probe.log","探针 open_services_blocked_run_panel PASS"
"modal_guards","world.gd::open_services","Godot/three_d/scripts/world.gd:887","func open_services","paused==false 且 run_panel 不可见","open_services(mode,item)","accepted：services_panel.refresh+show；hint 清空；controls_enabled=false；seat_panel 隐藏；准星隐藏；鼠标可见","services_panel.visible==true；service_mode==mode；player.controls_enabled==false","world.services_open","spatial_interaction_test.gd:41-42;services_save_test.gd:84;playtest_seed_test.gd:31;routes_items_test.gd:121","已登记且有后继状态证据","Godot/three_d/scripts/world.gd:887-899;output/external-handoff/A4/a4-world-probe.log","目录里没有任何 open_services 登记（见 README 的空白区结论）；当前目录复用 world.services_open，不新增分母。"
"modal_guards","world.gd::close_services","Godot/three_d/scripts/world.gd:901","func close_services","玩家关闭服务弹窗 / 按 Esc / 按 B / 成交自动关","close_services()","accepted：面板隐藏；controls_enabled=not seated and not paused；seat_panel.visible=seated and not paused；准星与鼠标模式同步","services_panel.visible==false；入座态下 seat_panel.visible==true","world.services_close","services_save_test.gd:87;spatial_interaction_test.gd:94;output/external-handoff/A4/a4-world-probe.log","已登记且有后继状态证据","Godot/three_d/scripts/world.gd:901-906","探针 close_services_restores 与 services_while_seated 核对入座/非入座两种后继；当前目录复用 world.services_close，不新增分母。"
"modal_guards","world.gd::service_action","Godot/three_d/scripts/world.gd:909","not services_panel.visible","服务弹窗不可见","service_action(kind,item_id,revision)","rejected：返回","run_game 状态不变（checkpoint_state 快照不变）","(无)","(无)","有A4探针后继状态证据","Godot/three_d/scripts/world.gd:908-910;output/external-handoff/A4/a4-world-probe.log","目录里没有 world.service_action 的任何登记。探针 service_action_panel_hidden_noop PASS"
"modal_guards","world.gd::service_action","Godot/three_d/scripts/world.gd:909","paused","paused==true 且 services_panel 仍可见（pause_game 不隐藏服务面板）","service_action(kind,item_id,revision)","rejected：返回","run_game 状态不变；services_panel 仍可见","(无)","(无)","有A4探针后继状态证据","Godot/three_d/scripts/world.gd:908-910;output/external-handoff/A4/a4-world-probe.log","探针 service_action_paused_noop PASS"
"modal_guards","world.gd::service_action","Godot/three_d/scripts/world.gd:913","for action in run_game.service_view","请求的 (kind,id,target) 不在当前 service_view 提供的动作集合内","service_action(kind,item_id,revision,target_id)","rejected：返回","run_game 状态不变；services_panel 仍可见","(无)","playtest_seed_test.gd:32-33","有A4探针后继状态证据","Godot/three_d/scripts/world.gd:911-916;output/external-handoff/A4/a4-world-probe.log","既有测试证据不足：playtest_seed_test.gd:32-33 只核 trace 未新增一行，未核 run 快照与面板状态。探针 service_action_not_offered_noop 补齐"
"modal_guards","world.gd::service_action","Godot/three_d/scripts/world.gd:920","kind == ""route""","请求的路线已在 service_view 中提供","service_action(""route"", route_id, revision)","accepted：close_services() 后 show_run_panel('route:'+id, preview_only=true)","services_panel.visible==false；run_panel.visible==true；run_confirm.disabled==true（预览不结算）","world.services_route_preview","spatial_interaction_test.gd:65-67;output/external-handoff/A4/a4-world-probe.log","已登记且有后继状态证据","Godot/three_d/scripts/world.gd:917-920","目录里没有登记。探针 service_action_route_preview PASS；当前目录复用 world.services_route_preview，不新增分母。"
"modal_guards","world.gd::service_action","Godot/three_d/scripts/world.gd:932","if kind == ""buy"":","商品在当前 shelf 已上架且现金/行动力足够","service_action(""buy"", item_id, revision)","accepted：run_game 扣款入包；refresh_economy/refresh_table；bar_display.deliver；characters.deliver；hint 提示已放入背包；close_services","inventory 增加该物品；services_panel.visible==false","world.services_buy","services_save_test.gd:84-86;spatial_interaction_test.gd:87-88","已登记且有后继状态证据","Godot/three_d/scripts/world.gd:921-941;Godot/three_d/tests/services_save_test.gd","目录里没有登记；当前目录复用 world.services_buy，不新增分母。"
"modal_guards","world.gd::service_action","Godot/three_d/scripts/world.gd:924","if run_game.service_action","固定种子试玩中 intel/cargo-table 出现在当前 service_view 的可用动作集合","service_action(""intel"", ""cargo-table"", revision)","accepted：情报写入已知规则；行动力与 revision 各减少/增加 1；服务面板保持可见","known_rules==[""cargo-table""]；action_points 减 1；revision 加 1；现金不变；service_view revision 同步","world.services_intel","routes_items_test.gd:121-123;services_save_test.gd:99;playtest_seed_test.gd:34-36","已登记且有后继状态证据","Godot/three_d/scripts/world.gd:921-929;Godot/three_d/tests/routes_items_test.gd","目录里没有登记。playtest_seed_test.gd:34-36 只核 trace，未核 run 快照（该例证据不足）；routes_items_test.gd:123 核了目标标题文本；仅映射固定种子测试中的 intel/cargo-table 具体结果，不概括其他服务动作。"
"modal_guards","world.gd::toggle_pause","Godot/three_d/scripts/world.gd:587","if services_panel.visible:","服务弹窗可见时按 Esc","toggle_pause()","accepted：close_services() 后返回（不进入暂停）","services_panel.visible==false；paused==false","(无)","(无)","未找到测试","Godot/three_d/scripts/world.gd:586-592","互斥处理：Esc 首次用于关闭弹窗而非暂停。既有测试未覆盖该互斥顺序"
