opponent,slice,samples,fold,check,call,raise,all-in,fold_rate,check_rate,call_rate,raise_rate,all-in_rate
ash-smuggler,all,78,35,13,27,3,0,0.448718,0.166667,0.346154,0.038462,0.000000
calm-widow,all,78,33,7,22,13,3,0.423077,0.089744,0.282051,0.166667,0.038462
dock-braggart,all,78,22,10,34,9,3,0.282051,0.128205,0.435897,0.115385,0.038462
house-viper,all,78,33,11,26,5,3,0.423077,0.141026,0.333333,0.064103,0.038462
ledger-clerk,all,78,41,14,21,2,0,0.525641,0.179487,0.269231,0.025641,0.000000
river-shark,all,78,35,11,27,5,0,0.448718,0.141026,0.346154,0.064103,0.000000
smiling-knife,all,78,31,10,27,6,4,0.397436,0.128205,0.346154,0.076923,0.051282
velvet-rook,all,78,17,14,45,2,0,0.217949,0.179487,0.576923,0.025641,0.000000
ash-smuggler,player_raises>=2,78,35,13,27,3,0,0.448718,0.166667,0.346154,0.038462,0.000000
calm-widow,player_raises>=2,78,33,7,22,13,3,0.423077,0.089744,0.282051,0.166667,0.038462
dock-braggart,player_raises>=2,78,22,10,34,9,3,0.282051,0.128205,0.435897,0.115385,0.038462
house-viper,player_raises>=2,78,33,11,26,5,3,0.423077,0.141026,0.333333,0.064103,0.038462
ledger-clerk,player_raises>=2,78,41,14,21,2,0,0.525641,0.179487,0.269231,0.025641,0.000000
river-shark,player_raises>=2,78,35,11,27,5,0,0.448718,0.141026,0.346154,0.064103,0.000000
smiling-knife,player_raises>=2,78,31,10,27,6,4,0.397436,0.128205,0.346154,0.076923,0.051282
velvet-rook,player_raises>=2,78,17,14,45,2,0,0.217949,0.179487,0.576923,0.025641,0.000000
ash-smuggler,player_raises>=3,12,10,0,2,0,0,0.833333,0.000000,0.166667,0.000000,0.000000
calm-widow,player_raises>=3,12,11,0,1,0,0,0.916667,0.000000,0.083333,0.000000,0.000000
dock-braggart,player_raises>=3,12,10,0,2,0,0,0.833333,0.000000,0.166667,0.000000,0.000000
house-viper,player_raises>=3,12,11,0,1,0,0,0.916667,0.000000,0.083333,0.000000,0.000000
ledger-clerk,player_raises>=3,12,11,0,1,0,0,0.916667,0.000000,0.083333,0.000000,0.000000
river-shark,player_raises>=3,12,10,0,2,0,0,0.833333,0.000000,0.166667,0.000000,0.000000
smiling-knife,player_raises>=3,12,9,0,2,0,1,0.750000,0.000000,0.166667,0.000000,0.083333
velvet-rook,player_raises>=3,12,10,0,2,0,0,0.833333,0.000000,0.166667,0.000000,0.000000
ash-smuggler,table=cargo-table,39,10,10,16,3,0,0.256410,0.256410,0.410256,0.076923,0.000000
calm-widow,table=cargo-table,39,10,4,12,13,0,0.256410,0.102564,0.307692,0.333333,0.000000
dock-braggart,table=cargo-table,39,6,7,17,9,0,0.153846,0.179487,0.435897,0.230769,0.000000
house-viper,table=cargo-table,39,10,8,16,5,0,0.256410,0.205128,0.410256,0.128205,0.000000
ledger-clerk,table=cargo-table,39,15,11,11,2,0,0.384615,0.282051,0.282051,0.051282,0.000000
river-shark,table=cargo-table,39,10,8,16,5,0,0.256410,0.205128,0.410256,0.128205,0.000000
smiling-knife,table=cargo-table,39,9,7,16,6,1,0.230769,0.179487,0.410256,0.153846,0.025641
velvet-rook,table=cargo-table,39,1,11,25,2,0,0.025641,0.282051,0.641026,0.051282,0.000000
ash-smuggler,table=embers-table,15,13,0,2,0,0,0.866667,0.000000,0.133333,0.000000,0.000000
calm-widow,table=embers-table,15,13,0,2,0,0,0.866667,0.000000,0.133333,0.000000,0.000000
dock-braggart,table=embers-table,15,7,0,8,0,0,0.466667,0.000000,0.533333,0.000000,0.000000
house-viper,table=embers-table,15,13,0,2,0,0,0.866667,0.000000,0.133333,0.000000,0.000000
ledger-clerk,table=embers-table,15,13,0,2,0,0,0.866667,0.000000,0.133333,0.000000,0.000000
river-shark,table=embers-table,15,13,0,2,0,0,0.866667,0.000000,0.133333,0.000000,0.000000
smiling-knife,table=embers-table,15,13,0,2,0,0,0.866667,0.000000,0.133333,0.000000,0.000000
velvet-rook,table=embers-table,15,4,0,11,0,0,0.266667,0.000000,0.733333,0.000000,0.000000
ash-smuggler,table=ledger-cellar,8,4,0,4,0,0,0.500000,0.000000,0.500000,0.000000,0.000000
calm-widow,table=ledger-cellar,8,4,0,4,0,0,0.500000,0.000000,0.500000,0.000000,0.000000
dock-braggart,table=ledger-cellar,8,4,0,4,0,0,0.500000,0.000000,0.500000,0.000000,0.000000
house-viper,table=ledger-cellar,8,4,0,4,0,0,0.500000,0.000000,0.500000,0.000000,0.000000
ledger-clerk,table=ledger-cellar,8,4,0,4,0,0,0.500000,0.000000,0.500000,0.000000,0.000000
river-shark,table=ledger-cellar,8,4,0,4,0,0,0.500000,0.000000,0.500000,0.000000,0.000000
smiling-knife,table=ledger-cellar,8,4,0,4,0,0,0.500000,0.000000,0.500000,0.000000,0.000000
velvet-rook,table=ledger-cellar,8,4,0,4,0,0,0.500000,0.000000,0.500000,0.000000,0.000000
ash-smuggler,table=mirror-hall,16,8,3,5,0,0,0.500000,0.187500,0.312500,0.000000,0.000000
calm-widow,table=mirror-hall,16,6,3,4,0,3,0.375000,0.187500,0.250000,0.000000,0.187500
dock-braggart,table=mirror-hall,16,5,3,5,0,3,0.312500,0.187500,0.312500,0.000000,0.187500
house-viper,table=mirror-hall,16,6,3,4,0,3,0.375000,0.187500,0.250000,0.000000,0.187500
ledger-clerk,table=mirror-hall,16,9,3,4,0,0,0.562500,0.187500,0.250000,0.000000,0.000000
river-shark,table=mirror-hall,16,8,3,5,0,0,0.500000,0.187500,0.312500,0.000000,0.000000
smiling-knife,table=mirror-hall,16,5,3,5,0,3,0.312500,0.187500,0.312500,0.000000,0.187500
velvet-rook,table=mirror-hall,16,8,3,5,0,0,0.500000,0.187500,0.312500,0.000000,0.000000
ash-smuggler,street=flop,32,15,10,6,1,0,0.468750,0.312500,0.187500,0.031250,0.000000
calm-widow,street=flop,32,12,4,6,7,3,0.375000,0.125000,0.187500,0.218750,0.093750
dock-braggart,street=flop,32,12,7,6,4,3,0.375000,0.218750,0.187500,0.125000,0.093750
house-viper,street=flop,32,12,7,6,4,3,0.375000,0.218750,0.187500,0.125000,0.093750
ledger-clerk,street=flop,32,18,10,3,1,0,0.562500,0.312500,0.093750,0.031250,0.000000
river-shark,street=flop,32,15,7,6,4,0,0.468750,0.218750,0.187500,0.125000,0.000000
smiling-knife,street=flop,32,11,7,6,4,4,0.343750,0.218750,0.187500,0.125000,0.125000
velvet-rook,street=flop,32,12,10,9,1,0,0.375000,0.312500,0.281250,0.031250,0.000000
ash-smuggler,street=preflop,39,17,3,18,1,0,0.435897,0.076923,0.461538,0.025641,0.000000
calm-widow,street=preflop,39,18,3,13,5,0,0.461538,0.076923,0.333333,0.128205,0.000000
dock-braggart,street=preflop,39,7,3,25,4,0,0.179487,0.076923,0.641026,0.102564,0.000000
house-viper,street=preflop,39,18,4,17,0,0,0.461538,0.102564,0.435897,0.000000,0.000000
ledger-clerk,street=preflop,39,20,4,15,0,0,0.512821,0.102564,0.384615,0.000000,0.000000
river-shark,street=preflop,39,17,4,18,0,0,0.435897,0.102564,0.461538,0.000000,0.000000
smiling-knife,street=preflop,39,17,3,18,1,0,0.435897,0.076923,0.461538,0.025641,0.000000
velvet-rook,street=preflop,39,4,4,31,0,0,0.102564,0.102564,0.794872,0.000000,0.000000
ash-smuggler,street=turn,7,3,0,3,1,0,0.428571,0.000000,0.428571,0.142857,0.000000
calm-widow,street=turn,7,3,0,3,1,0,0.428571,0.000000,0.428571,0.142857,0.000000
dock-braggart,street=turn,7,3,0,3,1,0,0.428571,0.000000,0.428571,0.142857,0.000000
house-viper,street=turn,7,3,0,3,1,0,0.428571,0.000000,0.428571,0.142857,0.000000
ledger-clerk,street=turn,7,3,0,3,1,0,0.428571,0.000000,0.428571,0.142857,0.000000
river-shark,street=turn,7,3,0,3,1,0,0.428571,0.000000,0.428571,0.142857,0.000000
smiling-knife,street=turn,7,3,0,3,1,0,0.428571,0.000000,0.428571,0.142857,0.000000
velvet-rook,street=turn,7,1,0,5,1,0,0.142857,0.000000,0.714286,0.142857,0.000000
ash-smuggler,legal_actions=2,17,17,0,0,0,0,1.000000,0.000000,0.000000,0.000000,0.000000
calm-widow,legal_actions=2,17,14,0,0,0,3,0.823529,0.000000,0.000000,0.000000,0.176471
dock-braggart,legal_actions=2,17,14,0,0,0,3,0.823529,0.000000,0.000000,0.000000,0.176471
house-viper,legal_actions=2,17,14,0,0,0,3,0.823529,0.000000,0.000000,0.000000,0.176471
ledger-clerk,legal_actions=2,17,17,0,0,0,0,1.000000,0.000000,0.000000,0.000000,0.000000
river-shark,legal_actions=2,17,17,0,0,0,0,1.000000,0.000000,0.000000,0.000000,0.000000
smiling-knife,legal_actions=2,17,13,0,0,0,4,0.764706,0.000000,0.000000,0.000000,0.235294
velvet-rook,legal_actions=2,17,17,0,0,0,0,1.000000,0.000000,0.000000,0.000000,0.000000
ash-smuggler,legal_actions=3,35,11,4,20,0,0,0.314286,0.114286,0.571429,0.000000,0.000000
calm-widow,legal_actions=3,35,13,4,18,0,0,0.371429,0.114286,0.514286,0.000000,0.000000
dock-braggart,legal_actions=3,35,8,4,23,0,0,0.228571,0.114286,0.657143,0.000000,0.000000
house-viper,legal_actions=3,35,12,4,19,0,0,0.342857,0.114286,0.542857,0.000000,0.000000
ledger-clerk,legal_actions=3,35,13,4,18,0,0,0.371429,0.114286,0.514286,0.000000,0.000000
river-shark,legal_actions=3,35,11,4,20,0,0,0.314286,0.114286,0.571429,0.000000,0.000000
smiling-knife,legal_actions=3,35,11,4,20,0,0,0.314286,0.114286,0.571429,0.000000,0.000000
velvet-rook,legal_actions=3,35,0,4,31,0,0,0.000000,0.114286,0.885714,0.000000,0.000000
ash-smuggler,legal_actions=4,26,7,9,7,3,0,0.269231,0.346154,0.269231,0.115385,0.000000
calm-widow,legal_actions=4,26,6,3,4,13,0,0.230769,0.115385,0.153846,0.500000,0.000000
dock-braggart,legal_actions=4,26,0,6,11,9,0,0.000000,0.230769,0.423077,0.346154,0.000000
house-viper,legal_actions=4,26,7,7,7,5,0,0.269231,0.269231,0.269231,0.192308,0.000000
ledger-clerk,legal_actions=4,26,11,10,3,2,0,0.423077,0.384615,0.115385,0.076923,0.000000
river-shark,legal_actions=4,26,7,7,7,5,0,0.269231,0.269231,0.269231,0.192308,0.000000
smiling-knife,legal_actions=4,26,7,6,7,6,0,0.269231,0.230769,0.269231,0.230769,0.000000
velvet-rook,legal_actions=4,26,0,10,14,2,0,0.000000,0.384615,0.538462,0.076923,0.000000
