opponent_a,opponent_b,slice,snapshots,different,denominator,difference_rate,example_snapshot_ids
ash-smuggler,calm-widow,all,78,15,78,0.192308,5/smoky-den/cargo-table/17/smiling-knife/2/preflop/2;7/smoky-den/cargo-table/17/ledger-clerk/2/flop/2;8/smoky-den/cargo-table/17/smiling-knife/2/flop/2
ash-smuggler,dock-braggart,all,78,16,78,0.205128,2/smoky-den/cargo-table/1/smiling-knife/2/preflop/2;8/smoky-den/cargo-table/17/smiling-knife/2/flop/2;12/smoky-den/mirror-hall/17/velvet-rook/3/flop/2
ash-smuggler,house-viper,all,78,8,78,0.102564,8/smoky-den/cargo-table/17/smiling-knife/2/flop/2;12/smoky-den/mirror-hall/17/velvet-rook/3/flop/2;27/high-rise-suite/cargo-table/17/smiling-knife/2/flop/2
ash-smuggler,ledger-clerk,all,78,7,78,0.089744,9/smoky-den/cargo-table/17/ledger-clerk/2/flop/2;28/high-rise-suite/cargo-table/17/ledger-clerk/2/flop/2;47/rooftop-club/cargo-table/17/ledger-clerk/2/flop/2
ash-smuggler,river-shark,all,78,4,78,0.051282,8/smoky-den/cargo-table/17/smiling-knife/2/flop/2;27/high-rise-suite/cargo-table/17/smiling-knife/2/flop/2;46/rooftop-club/cargo-table/17/smiling-knife/2/flop/2
ash-smuggler,smiling-knife,all,78,7,78,0.089744,8/smoky-den/cargo-table/17/smiling-knife/2/flop/2;12/smoky-den/mirror-hall/17/velvet-rook/3/flop/2;27/high-rise-suite/cargo-table/17/smiling-knife/2/flop/2
ash-smuggler,velvet-rook,all,78,19,78,0.243590,1/smoky-den/cargo-table/1/house-viper/1/flop/2;2/smoky-den/cargo-table/1/smiling-knife/2/preflop/2;17/smoky-den/embers-table/43/calm-widow/3/preflop/2
calm-widow,dock-braggart,all,78,18,78,0.230769,2/smoky-den/cargo-table/1/smiling-knife/2/preflop/2;5/smoky-den/cargo-table/17/smiling-knife/2/preflop/2;7/smoky-den/cargo-table/17/ledger-clerk/2/flop/2
calm-widow,house-viper,all,78,9,78,0.115385,5/smoky-den/cargo-table/17/smiling-knife/2/preflop/2;7/smoky-den/cargo-table/17/ledger-clerk/2/flop/2;24/high-rise-suite/cargo-table/17/smiling-knife/2/preflop/2
calm-widow,ledger-clerk,all,78,18,78,0.230769,5/smoky-den/cargo-table/17/smiling-knife/2/preflop/2;7/smoky-den/cargo-table/17/ledger-clerk/2/flop/2;8/smoky-den/cargo-table/17/smiling-knife/2/flop/2
calm-widow,river-shark,all,78,13,78,0.166667,5/smoky-den/cargo-table/17/smiling-knife/2/preflop/2;7/smoky-den/cargo-table/17/ledger-clerk/2/flop/2;12/smoky-den/mirror-hall/17/velvet-rook/3/flop/2
calm-widow,smiling-knife,all,78,10,78,0.128205,5/smoky-den/cargo-table/17/smiling-knife/2/preflop/2;7/smoky-den/cargo-table/17/ledger-clerk/2/flop/2;24/high-rise-suite/cargo-table/17/smiling-knife/2/preflop/2
calm-widow,velvet-rook,all,78,33,78,0.423077,1/smoky-den/cargo-table/1/house-viper/1/flop/2;2/smoky-den/cargo-table/1/smiling-knife/2/preflop/2;5/smoky-den/cargo-table/17/smiling-knife/2/preflop/2
dock-braggart,house-viper,all,78,12,78,0.153846,2/smoky-den/cargo-table/1/smiling-knife/2/preflop/2;17/smoky-den/embers-table/43/calm-widow/3/preflop/2;18/smoky-den/embers-table/79/river-shark/2/preflop/2
dock-braggart,ledger-clerk,all,78,23,78,0.294872,2/smoky-den/cargo-table/1/smiling-knife/2/preflop/2;8/smoky-den/cargo-table/17/smiling-knife/2/flop/2;9/smoky-den/cargo-table/17/ledger-clerk/2/flop/2
dock-braggart,river-shark,all,78,14,78,0.179487,2/smoky-den/cargo-table/1/smiling-knife/2/preflop/2;12/smoky-den/mirror-hall/17/velvet-rook/3/flop/2;17/smoky-den/embers-table/43/calm-widow/3/preflop/2
dock-braggart,smiling-knife,all,78,11,78,0.141026,2/smoky-den/cargo-table/1/smiling-knife/2/preflop/2;17/smoky-den/embers-table/43/calm-widow/3/preflop/2;18/smoky-den/embers-table/79/river-shark/2/preflop/2
dock-braggart,velvet-rook,all,78,18,78,0.230769,1/smoky-den/cargo-table/1/house-viper/1/flop/2;2/smoky-den/cargo-table/1/smiling-knife/2/preflop/2;8/smoky-den/cargo-table/17/smiling-knife/2/flop/2
house-viper,ledger-clerk,all,78,11,78,0.141026,8/smoky-den/cargo-table/17/smiling-knife/2/flop/2;9/smoky-den/cargo-table/17/ledger-clerk/2/flop/2;12/smoky-den/mirror-hall/17/velvet-rook/3/flop/2
house-viper,river-shark,all,78,4,78,0.051282,12/smoky-den/mirror-hall/17/velvet-rook/3/flop/2;31/high-rise-suite/mirror-hall/17/velvet-rook/3/flop/2;50/rooftop-club/mirror-hall/17/velvet-rook/3/flop/2
house-viper,smiling-knife,all,78,3,78,0.038462,62/neon-poker-club/cargo-table/17/calm-widow/2/flop/3;65/neon-poker-club/cargo-table/79/house-viper/2/preflop/2;75/neon-poker-club/mirror-hall/17/ledger-clerk/3/preflop/3
house-viper,velvet-rook,all,78,25,78,0.320513,1/smoky-den/cargo-table/1/house-viper/1/flop/2;2/smoky-den/cargo-table/1/smiling-knife/2/preflop/2;8/smoky-den/cargo-table/17/smiling-knife/2/flop/2
ledger-clerk,river-shark,all,78,9,78,0.115385,8/smoky-den/cargo-table/17/smiling-knife/2/flop/2;9/smoky-den/cargo-table/17/ledger-clerk/2/flop/2;27/high-rise-suite/cargo-table/17/smiling-knife/2/flop/2
ledger-clerk,smiling-knife,all,78,14,78,0.179487,8/smoky-den/cargo-table/17/smiling-knife/2/flop/2;9/smoky-den/cargo-table/17/ledger-clerk/2/flop/2;12/smoky-den/mirror-hall/17/velvet-rook/3/flop/2
ledger-clerk,velvet-rook,all,78,24,78,0.307692,1/smoky-den/cargo-table/1/house-viper/1/flop/2;2/smoky-den/cargo-table/1/smiling-knife/2/preflop/2;9/smoky-den/cargo-table/17/ledger-clerk/2/flop/2
river-shark,smiling-knife,all,78,5,78,0.064103,12/smoky-den/mirror-hall/17/velvet-rook/3/flop/2;31/high-rise-suite/mirror-hall/17/velvet-rook/3/flop/2;50/rooftop-club/mirror-hall/17/velvet-rook/3/flop/2
river-shark,velvet-rook,all,78,21,78,0.269231,1/smoky-den/cargo-table/1/house-viper/1/flop/2;2/smoky-den/cargo-table/1/smiling-knife/2/preflop/2;8/smoky-den/cargo-table/17/smiling-knife/2/flop/2
smiling-knife,velvet-rook,all,78,26,78,0.333333,1/smoky-den/cargo-table/1/house-viper/1/flop/2;2/smoky-den/cargo-table/1/smiling-knife/2/preflop/2;8/smoky-den/cargo-table/17/smiling-knife/2/flop/2
ash-smuggler,calm-widow,player_raises>=2,78,15,78,0.192308,5/smoky-den/cargo-table/17/smiling-knife/2/preflop/2;7/smoky-den/cargo-table/17/ledger-clerk/2/flop/2;8/smoky-den/cargo-table/17/smiling-knife/2/flop/2
ash-smuggler,dock-braggart,player_raises>=2,78,16,78,0.205128,2/smoky-den/cargo-table/1/smiling-knife/2/preflop/2;8/smoky-den/cargo-table/17/smiling-knife/2/flop/2;12/smoky-den/mirror-hall/17/velvet-rook/3/flop/2
ash-smuggler,house-viper,player_raises>=2,78,8,78,0.102564,8/smoky-den/cargo-table/17/smiling-knife/2/flop/2;12/smoky-den/mirror-hall/17/velvet-rook/3/flop/2;27/high-rise-suite/cargo-table/17/smiling-knife/2/flop/2
ash-smuggler,ledger-clerk,player_raises>=2,78,7,78,0.089744,9/smoky-den/cargo-table/17/ledger-clerk/2/flop/2;28/high-rise-suite/cargo-table/17/ledger-clerk/2/flop/2;47/rooftop-club/cargo-table/17/ledger-clerk/2/flop/2
ash-smuggler,river-shark,player_raises>=2,78,4,78,0.051282,8/smoky-den/cargo-table/17/smiling-knife/2/flop/2;27/high-rise-suite/cargo-table/17/smiling-knife/2/flop/2;46/rooftop-club/cargo-table/17/smiling-knife/2/flop/2
ash-smuggler,smiling-knife,player_raises>=2,78,7,78,0.089744,8/smoky-den/cargo-table/17/smiling-knife/2/flop/2;12/smoky-den/mirror-hall/17/velvet-rook/3/flop/2;27/high-rise-suite/cargo-table/17/smiling-knife/2/flop/2
ash-smuggler,velvet-rook,player_raises>=2,78,19,78,0.243590,1/smoky-den/cargo-table/1/house-viper/1/flop/2;2/smoky-den/cargo-table/1/smiling-knife/2/preflop/2;17/smoky-den/embers-table/43/calm-widow/3/preflop/2
calm-widow,dock-braggart,player_raises>=2,78,18,78,0.230769,2/smoky-den/cargo-table/1/smiling-knife/2/preflop/2;5/smoky-den/cargo-table/17/smiling-knife/2/preflop/2;7/smoky-den/cargo-table/17/ledger-clerk/2/flop/2
calm-widow,house-viper,player_raises>=2,78,9,78,0.115385,5/smoky-den/cargo-table/17/smiling-knife/2/preflop/2;7/smoky-den/cargo-table/17/ledger-clerk/2/flop/2;24/high-rise-suite/cargo-table/17/smiling-knife/2/preflop/2
calm-widow,ledger-clerk,player_raises>=2,78,18,78,0.230769,5/smoky-den/cargo-table/17/smiling-knife/2/preflop/2;7/smoky-den/cargo-table/17/ledger-clerk/2/flop/2;8/smoky-den/cargo-table/17/smiling-knife/2/flop/2
calm-widow,river-shark,player_raises>=2,78,13,78,0.166667,5/smoky-den/cargo-table/17/smiling-knife/2/preflop/2;7/smoky-den/cargo-table/17/ledger-clerk/2/flop/2;12/smoky-den/mirror-hall/17/velvet-rook/3/flop/2
calm-widow,smiling-knife,player_raises>=2,78,10,78,0.128205,5/smoky-den/cargo-table/17/smiling-knife/2/preflop/2;7/smoky-den/cargo-table/17/ledger-clerk/2/flop/2;24/high-rise-suite/cargo-table/17/smiling-knife/2/preflop/2
calm-widow,velvet-rook,player_raises>=2,78,33,78,0.423077,1/smoky-den/cargo-table/1/house-viper/1/flop/2;2/smoky-den/cargo-table/1/smiling-knife/2/preflop/2;5/smoky-den/cargo-table/17/smiling-knife/2/preflop/2
dock-braggart,house-viper,player_raises>=2,78,12,78,0.153846,2/smoky-den/cargo-table/1/smiling-knife/2/preflop/2;17/smoky-den/embers-table/43/calm-widow/3/preflop/2;18/smoky-den/embers-table/79/river-shark/2/preflop/2
dock-braggart,ledger-clerk,player_raises>=2,78,23,78,0.294872,2/smoky-den/cargo-table/1/smiling-knife/2/preflop/2;8/smoky-den/cargo-table/17/smiling-knife/2/flop/2;9/smoky-den/cargo-table/17/ledger-clerk/2/flop/2
dock-braggart,river-shark,player_raises>=2,78,14,78,0.179487,2/smoky-den/cargo-table/1/smiling-knife/2/preflop/2;12/smoky-den/mirror-hall/17/velvet-rook/3/flop/2;17/smoky-den/embers-table/43/calm-widow/3/preflop/2
dock-braggart,smiling-knife,player_raises>=2,78,11,78,0.141026,2/smoky-den/cargo-table/1/smiling-knife/2/preflop/2;17/smoky-den/embers-table/43/calm-widow/3/preflop/2;18/smoky-den/embers-table/79/river-shark/2/preflop/2
dock-braggart,velvet-rook,player_raises>=2,78,18,78,0.230769,1/smoky-den/cargo-table/1/house-viper/1/flop/2;2/smoky-den/cargo-table/1/smiling-knife/2/preflop/2;8/smoky-den/cargo-table/17/smiling-knife/2/flop/2
house-viper,ledger-clerk,player_raises>=2,78,11,78,0.141026,8/smoky-den/cargo-table/17/smiling-knife/2/flop/2;9/smoky-den/cargo-table/17/ledger-clerk/2/flop/2;12/smoky-den/mirror-hall/17/velvet-rook/3/flop/2
house-viper,river-shark,player_raises>=2,78,4,78,0.051282,12/smoky-den/mirror-hall/17/velvet-rook/3/flop/2;31/high-rise-suite/mirror-hall/17/velvet-rook/3/flop/2;50/rooftop-club/mirror-hall/17/velvet-rook/3/flop/2
house-viper,smiling-knife,player_raises>=2,78,3,78,0.038462,62/neon-poker-club/cargo-table/17/calm-widow/2/flop/3;65/neon-poker-club/cargo-table/79/house-viper/2/preflop/2;75/neon-poker-club/mirror-hall/17/ledger-clerk/3/preflop/3
house-viper,velvet-rook,player_raises>=2,78,25,78,0.320513,1/smoky-den/cargo-table/1/house-viper/1/flop/2;2/smoky-den/cargo-table/1/smiling-knife/2/preflop/2;8/smoky-den/cargo-table/17/smiling-knife/2/flop/2
ledger-clerk,river-shark,player_raises>=2,78,9,78,0.115385,8/smoky-den/cargo-table/17/smiling-knife/2/flop/2;9/smoky-den/cargo-table/17/ledger-clerk/2/flop/2;27/high-rise-suite/cargo-table/17/smiling-knife/2/flop/2
ledger-clerk,smiling-knife,player_raises>=2,78,14,78,0.179487,8/smoky-den/cargo-table/17/smiling-knife/2/flop/2;9/smoky-den/cargo-table/17/ledger-clerk/2/flop/2;12/smoky-den/mirror-hall/17/velvet-rook/3/flop/2
ledger-clerk,velvet-rook,player_raises>=2,78,24,78,0.307692,1/smoky-den/cargo-table/1/house-viper/1/flop/2;2/smoky-den/cargo-table/1/smiling-knife/2/preflop/2;9/smoky-den/cargo-table/17/ledger-clerk/2/flop/2
river-shark,smiling-knife,player_raises>=2,78,5,78,0.064103,12/smoky-den/mirror-hall/17/velvet-rook/3/flop/2;31/high-rise-suite/mirror-hall/17/velvet-rook/3/flop/2;50/rooftop-club/mirror-hall/17/velvet-rook/3/flop/2
river-shark,velvet-rook,player_raises>=2,78,21,78,0.269231,1/smoky-den/cargo-table/1/house-viper/1/flop/2;2/smoky-den/cargo-table/1/smiling-knife/2/preflop/2;8/smoky-den/cargo-table/17/smiling-knife/2/flop/2
smiling-knife,velvet-rook,player_raises>=2,78,26,78,0.333333,1/smoky-den/cargo-table/1/house-viper/1/flop/2;2/smoky-den/cargo-table/1/smiling-knife/2/preflop/2;8/smoky-den/cargo-table/17/smiling-knife/2/flop/2
ash-smuggler,calm-widow,player_raises>=3,12,1,12,0.083333,75/neon-poker-club/mirror-hall/17/ledger-clerk/3/preflop/3
ash-smuggler,dock-braggart,player_raises>=3,12,0,12,0.000000,
ash-smuggler,house-viper,player_raises>=3,12,1,12,0.083333,75/neon-poker-club/mirror-hall/17/ledger-clerk/3/preflop/3
ash-smuggler,ledger-clerk,player_raises>=3,12,1,12,0.083333,75/neon-poker-club/mirror-hall/17/ledger-clerk/3/preflop/3
ash-smuggler,river-shark,player_raises>=3,12,0,12,0.000000,
ash-smuggler,smiling-knife,player_raises>=3,12,1,12,0.083333,62/neon-poker-club/cargo-table/17/calm-widow/2/flop/3
ash-smuggler,velvet-rook,player_raises>=3,12,0,12,0.000000,
calm-widow,dock-braggart,player_raises>=3,12,1,12,0.083333,75/neon-poker-club/mirror-hall/17/ledger-clerk/3/preflop/3
calm-widow,house-viper,player_raises>=3,12,0,12,0.000000,
calm-widow,ledger-clerk,player_raises>=3,12,0,12,0.000000,
calm-widow,river-shark,player_raises>=3,12,1,12,0.083333,75/neon-poker-club/mirror-hall/17/ledger-clerk/3/preflop/3
calm-widow,smiling-knife,player_raises>=3,12,2,12,0.166667,62/neon-poker-club/cargo-table/17/calm-widow/2/flop/3;75/neon-poker-club/mirror-hall/17/ledger-clerk/3/preflop/3
calm-widow,velvet-rook,player_raises>=3,12,1,12,0.083333,75/neon-poker-club/mirror-hall/17/ledger-clerk/3/preflop/3
dock-braggart,house-viper,player_raises>=3,12,1,12,0.083333,75/neon-poker-club/mirror-hall/17/ledger-clerk/3/preflop/3
dock-braggart,ledger-clerk,player_raises>=3,12,1,12,0.083333,75/neon-poker-club/mirror-hall/17/ledger-clerk/3/preflop/3
dock-braggart,river-shark,player_raises>=3,12,0,12,0.000000,
dock-braggart,smiling-knife,player_raises>=3,12,1,12,0.083333,62/neon-poker-club/cargo-table/17/calm-widow/2/flop/3
dock-braggart,velvet-rook,player_raises>=3,12,0,12,0.000000,
house-viper,ledger-clerk,player_raises>=3,12,0,12,0.000000,
house-viper,river-shark,player_raises>=3,12,1,12,0.083333,75/neon-poker-club/mirror-hall/17/ledger-clerk/3/preflop/3
house-viper,smiling-knife,player_raises>=3,12,2,12,0.166667,62/neon-poker-club/cargo-table/17/calm-widow/2/flop/3;75/neon-poker-club/mirror-hall/17/ledger-clerk/3/preflop/3
house-viper,velvet-rook,player_raises>=3,12,1,12,0.083333,75/neon-poker-club/mirror-hall/17/ledger-clerk/3/preflop/3
ledger-clerk,river-shark,player_raises>=3,12,1,12,0.083333,75/neon-poker-club/mirror-hall/17/ledger-clerk/3/preflop/3
ledger-clerk,smiling-knife,player_raises>=3,12,2,12,0.166667,62/neon-poker-club/cargo-table/17/calm-widow/2/flop/3;75/neon-poker-club/mirror-hall/17/ledger-clerk/3/preflop/3
ledger-clerk,velvet-rook,player_raises>=3,12,1,12,0.083333,75/neon-poker-club/mirror-hall/17/ledger-clerk/3/preflop/3
river-shark,smiling-knife,player_raises>=3,12,1,12,0.083333,62/neon-poker-club/cargo-table/17/calm-widow/2/flop/3
river-shark,velvet-rook,player_raises>=3,12,0,12,0.000000,
smiling-knife,velvet-rook,player_raises>=3,12,1,12,0.083333,62/neon-poker-club/cargo-table/17/calm-widow/2/flop/3
ash-smuggler,calm-widow,table=cargo-table,39,11,39,0.282051,5/smoky-den/cargo-table/17/smiling-knife/2/preflop/2;7/smoky-den/cargo-table/17/ledger-clerk/2/flop/2;8/smoky-den/cargo-table/17/smiling-knife/2/flop/2
ash-smuggler,dock-braggart,table=cargo-table,39,7,39,0.179487,2/smoky-den/cargo-table/1/smiling-knife/2/preflop/2;8/smoky-den/cargo-table/17/smiling-knife/2/flop/2;21/high-rise-suite/cargo-table/1/smiling-knife/2/preflop/2
ash-smuggler,house-viper,table=cargo-table,39,4,39,0.102564,8/smoky-den/cargo-table/17/smiling-knife/2/flop/2;27/high-rise-suite/cargo-table/17/smiling-knife/2/flop/2;46/rooftop-club/cargo-table/17/smiling-knife/2/flop/2
ash-smuggler,ledger-clerk,table=cargo-table,39,6,39,0.153846,9/smoky-den/cargo-table/17/ledger-clerk/2/flop/2;28/high-rise-suite/cargo-table/17/ledger-clerk/2/flop/2;47/rooftop-club/cargo-table/17/ledger-clerk/2/flop/2
ash-smuggler,river-shark,table=cargo-table,39,4,39,0.102564,8/smoky-den/cargo-table/17/smiling-knife/2/flop/2;27/high-rise-suite/cargo-table/17/smiling-knife/2/flop/2;46/rooftop-club/cargo-table/17/smiling-knife/2/flop/2
ash-smuggler,smiling-knife,table=cargo-table,39,4,39,0.102564,8/smoky-den/cargo-table/17/smiling-knife/2/flop/2;27/high-rise-suite/cargo-table/17/smiling-knife/2/flop/2;46/rooftop-club/cargo-table/17/smiling-knife/2/flop/2
ash-smuggler,velvet-rook,table=cargo-table,39,10,39,0.256410,1/smoky-den/cargo-table/1/house-viper/1/flop/2;2/smoky-den/cargo-table/1/smiling-knife/2/preflop/2;20/high-rise-suite/cargo-table/1/house-viper/1/flop/2
calm-widow,dock-braggart,table=cargo-table,39,11,39,0.282051,2/smoky-den/cargo-table/1/smiling-knife/2/preflop/2;5/smoky-den/cargo-table/17/smiling-knife/2/preflop/2;7/smoky-den/cargo-table/17/ledger-clerk/2/flop/2
calm-widow,house-viper,table=cargo-table,39,9,39,0.230769,5/smoky-den/cargo-table/17/smiling-knife/2/preflop/2;7/smoky-den/cargo-table/17/ledger-clerk/2/flop/2;24/high-rise-suite/cargo-table/17/smiling-knife/2/preflop/2
calm-widow,ledger-clerk,table=cargo-table,39,15,39,0.384615,5/smoky-den/cargo-table/17/smiling-knife/2/preflop/2;7/smoky-den/cargo-table/17/ledger-clerk/2/flop/2;8/smoky-den/cargo-table/17/smiling-knife/2/flop/2
calm-widow,river-shark,table=cargo-table,39,9,39,0.230769,5/smoky-den/cargo-table/17/smiling-knife/2/preflop/2;7/smoky-den/cargo-table/17/ledger-clerk/2/flop/2;24/high-rise-suite/cargo-table/17/smiling-knife/2/preflop/2
calm-widow,smiling-knife,table=cargo-table,39,9,39,0.230769,5/smoky-den/cargo-table/17/smiling-knife/2/preflop/2;7/smoky-den/cargo-table/17/ledger-clerk/2/flop/2;24/high-rise-suite/cargo-table/17/smiling-knife/2/preflop/2
calm-widow,velvet-rook,table=cargo-table,39,20,39,0.512821,1/smoky-den/cargo-table/1/house-viper/1/flop/2;2/smoky-den/cargo-table/1/smiling-knife/2/preflop/2;5/smoky-den/cargo-table/17/smiling-knife/2/preflop/2
dock-braggart,house-viper,table=cargo-table,39,5,39,0.128205,2/smoky-den/cargo-table/1/smiling-knife/2/preflop/2;21/high-rise-suite/cargo-table/1/smiling-knife/2/preflop/2;40/rooftop-club/cargo-table/1/smiling-knife/2/preflop/2
dock-braggart,ledger-clerk,table=cargo-table,39,13,39,0.333333,2/smoky-den/cargo-table/1/smiling-knife/2/preflop/2;8/smoky-den/cargo-table/17/smiling-knife/2/flop/2;9/smoky-den/cargo-table/17/ledger-clerk/2/flop/2
dock-braggart,river-shark,table=cargo-table,39,5,39,0.128205,2/smoky-den/cargo-table/1/smiling-knife/2/preflop/2;21/high-rise-suite/cargo-table/1/smiling-knife/2/preflop/2;40/rooftop-club/cargo-table/1/smiling-knife/2/preflop/2
dock-braggart,smiling-knife,table=cargo-table,39,5,39,0.128205,2/smoky-den/cargo-table/1/smiling-knife/2/preflop/2;21/high-rise-suite/cargo-table/1/smiling-knife/2/preflop/2;40/rooftop-club/cargo-table/1/smiling-knife/2/preflop/2
dock-braggart,velvet-rook,table=cargo-table,39,12,39,0.307692,1/smoky-den/cargo-table/1/house-viper/1/flop/2;2/smoky-den/cargo-table/1/smiling-knife/2/preflop/2;8/smoky-den/cargo-table/17/smiling-knife/2/flop/2
house-viper,ledger-clerk,table=cargo-table,39,8,39,0.205128,8/smoky-den/cargo-table/17/smiling-knife/2/flop/2;9/smoky-den/cargo-table/17/ledger-clerk/2/flop/2;27/high-rise-suite/cargo-table/17/smiling-knife/2/flop/2
house-viper,river-shark,table=cargo-table,39,0,39,0.000000,
house-viper,smiling-knife,table=cargo-table,39,2,39,0.051282,62/neon-poker-club/cargo-table/17/calm-widow/2/flop/3;65/neon-poker-club/cargo-table/79/house-viper/2/preflop/2
house-viper,velvet-rook,table=cargo-table,39,12,39,0.307692,1/smoky-den/cargo-table/1/house-viper/1/flop/2;2/smoky-den/cargo-table/1/smiling-knife/2/preflop/2;8/smoky-den/cargo-table/17/smiling-knife/2/flop/2
ledger-clerk,river-shark,table=cargo-table,39,8,39,0.205128,8/smoky-den/cargo-table/17/smiling-knife/2/flop/2;9/smoky-den/cargo-table/17/ledger-clerk/2/flop/2;27/high-rise-suite/cargo-table/17/smiling-knife/2/flop/2
ledger-clerk,smiling-knife,table=cargo-table,39,10,39,0.256410,8/smoky-den/cargo-table/17/smiling-knife/2/flop/2;9/smoky-den/cargo-table/17/ledger-clerk/2/flop/2;27/high-rise-suite/cargo-table/17/smiling-knife/2/flop/2
ledger-clerk,velvet-rook,table=cargo-table,39,14,39,0.358974,1/smoky-den/cargo-table/1/house-viper/1/flop/2;2/smoky-den/cargo-table/1/smiling-knife/2/preflop/2;9/smoky-den/cargo-table/17/ledger-clerk/2/flop/2
river-shark,smiling-knife,table=cargo-table,39,2,39,0.051282,62/neon-poker-club/cargo-table/17/calm-widow/2/flop/3;65/neon-poker-club/cargo-table/79/house-viper/2/preflop/2
river-shark,velvet-rook,table=cargo-table,39,12,39,0.307692,1/smoky-den/cargo-table/1/house-viper/1/flop/2;2/smoky-den/cargo-table/1/smiling-knife/2/preflop/2;8/smoky-den/cargo-table/17/smiling-knife/2/flop/2
smiling-knife,velvet-rook,table=cargo-table,39,14,39,0.358974,1/smoky-den/cargo-table/1/house-viper/1/flop/2;2/smoky-den/cargo-table/1/smiling-knife/2/preflop/2;8/smoky-den/cargo-table/17/smiling-knife/2/flop/2
ash-smuggler,calm-widow,table=embers-table,15,0,15,0.000000,
ash-smuggler,dock-braggart,table=embers-table,15,6,15,0.400000,17/smoky-den/embers-table/43/calm-widow/3/preflop/2;18/smoky-den/embers-table/79/river-shark/2/preflop/2;36/high-rise-suite/embers-table/43/calm-widow/3/preflop/2
ash-smuggler,house-viper,table=embers-table,15,0,15,0.000000,
ash-smuggler,ledger-clerk,table=embers-table,15,0,15,0.000000,
ash-smuggler,river-shark,table=embers-table,15,0,15,0.000000,
ash-smuggler,smiling-knife,table=embers-table,15,0,15,0.000000,
ash-smuggler,velvet-rook,table=embers-table,15,9,15,0.600000,17/smoky-den/embers-table/43/calm-widow/3/preflop/2;18/smoky-den/embers-table/79/river-shark/2/preflop/2;19/smoky-den/embers-table/79/river-shark/3/preflop/2
calm-widow,dock-braggart,table=embers-table,15,6,15,0.400000,17/smoky-den/embers-table/43/calm-widow/3/preflop/2;18/smoky-den/embers-table/79/river-shark/2/preflop/2;36/high-rise-suite/embers-table/43/calm-widow/3/preflop/2
calm-widow,house-viper,table=embers-table,15,0,15,0.000000,
calm-widow,ledger-clerk,table=embers-table,15,0,15,0.000000,
calm-widow,river-shark,table=embers-table,15,0,15,0.000000,
calm-widow,smiling-knife,table=embers-table,15,0,15,0.000000,
calm-widow,velvet-rook,table=embers-table,15,9,15,0.600000,17/smoky-den/embers-table/43/calm-widow/3/preflop/2;18/smoky-den/embers-table/79/river-shark/2/preflop/2;19/smoky-den/embers-table/79/river-shark/3/preflop/2
dock-braggart,house-viper,table=embers-table,15,6,15,0.400000,17/smoky-den/embers-table/43/calm-widow/3/preflop/2;18/smoky-den/embers-table/79/river-shark/2/preflop/2;36/high-rise-suite/embers-table/43/calm-widow/3/preflop/2
dock-braggart,ledger-clerk,table=embers-table,15,6,15,0.400000,17/smoky-den/embers-table/43/calm-widow/3/preflop/2;18/smoky-den/embers-table/79/river-shark/2/preflop/2;36/high-rise-suite/embers-table/43/calm-widow/3/preflop/2
dock-braggart,river-shark,table=embers-table,15,6,15,0.400000,17/smoky-den/embers-table/43/calm-widow/3/preflop/2;18/smoky-den/embers-table/79/river-shark/2/preflop/2;36/high-rise-suite/embers-table/43/calm-widow/3/preflop/2
dock-braggart,smiling-knife,table=embers-table,15,6,15,0.400000,17/smoky-den/embers-table/43/calm-widow/3/preflop/2;18/smoky-den/embers-table/79/river-shark/2/preflop/2;36/high-rise-suite/embers-table/43/calm-widow/3/preflop/2
dock-braggart,velvet-rook,table=embers-table,15,3,15,0.200000,19/smoky-den/embers-table/79/river-shark/3/preflop/2;38/high-rise-suite/embers-table/79/river-shark/3/preflop/2;57/rooftop-club/embers-table/79/river-shark/3/preflop/2
house-viper,ledger-clerk,table=embers-table,15,0,15,0.000000,
house-viper,river-shark,table=embers-table,15,0,15,0.000000,
house-viper,smiling-knife,table=embers-table,15,0,15,0.000000,
house-viper,velvet-rook,table=embers-table,15,9,15,0.600000,17/smoky-den/embers-table/43/calm-widow/3/preflop/2;18/smoky-den/embers-table/79/river-shark/2/preflop/2;19/smoky-den/embers-table/79/river-shark/3/preflop/2
ledger-clerk,river-shark,table=embers-table,15,0,15,0.000000,
ledger-clerk,smiling-knife,table=embers-table,15,0,15,0.000000,
ledger-clerk,velvet-rook,table=embers-table,15,9,15,0.600000,17/smoky-den/embers-table/43/calm-widow/3/preflop/2;18/smoky-den/embers-table/79/river-shark/2/preflop/2;19/smoky-den/embers-table/79/river-shark/3/preflop/2
river-shark,smiling-knife,table=embers-table,15,0,15,0.000000,
river-shark,velvet-rook,table=embers-table,15,9,15,0.600000,17/smoky-den/embers-table/43/calm-widow/3/preflop/2;18/smoky-den/embers-table/79/river-shark/2/preflop/2;19/smoky-den/embers-table/79/river-shark/3/preflop/2
smiling-knife,velvet-rook,table=embers-table,15,9,15,0.600000,17/smoky-den/embers-table/43/calm-widow/3/preflop/2;18/smoky-den/embers-table/79/river-shark/2/preflop/2;19/smoky-den/embers-table/79/river-shark/3/preflop/2
ash-smuggler,calm-widow,table=ledger-cellar,8,0,8,0.000000,
ash-smuggler,dock-braggart,table=ledger-cellar,8,0,8,0.000000,
ash-smuggler,house-viper,table=ledger-cellar,8,0,8,0.000000,
ash-smuggler,ledger-clerk,table=ledger-cellar,8,0,8,0.000000,
ash-smuggler,river-shark,table=ledger-cellar,8,0,8,0.000000,
ash-smuggler,smiling-knife,table=ledger-cellar,8,0,8,0.000000,
ash-smuggler,velvet-rook,table=ledger-cellar,8,0,8,0.000000,
calm-widow,dock-braggart,table=ledger-cellar,8,0,8,0.000000,
calm-widow,house-viper,table=ledger-cellar,8,0,8,0.000000,
calm-widow,ledger-clerk,table=ledger-cellar,8,0,8,0.000000,
calm-widow,river-shark,table=ledger-cellar,8,0,8,0.000000,
calm-widow,smiling-knife,table=ledger-cellar,8,0,8,0.000000,
calm-widow,velvet-rook,table=ledger-cellar,8,0,8,0.000000,
dock-braggart,house-viper,table=ledger-cellar,8,0,8,0.000000,
dock-braggart,ledger-clerk,table=ledger-cellar,8,0,8,0.000000,
dock-braggart,river-shark,table=ledger-cellar,8,0,8,0.000000,
dock-braggart,smiling-knife,table=ledger-cellar,8,0,8,0.000000,
dock-braggart,velvet-rook,table=ledger-cellar,8,0,8,0.000000,
house-viper,ledger-clerk,table=ledger-cellar,8,0,8,0.000000,
house-viper,river-shark,table=ledger-cellar,8,0,8,0.000000,
house-viper,smiling-knife,table=ledger-cellar,8,0,8,0.000000,
house-viper,velvet-rook,table=ledger-cellar,8,0,8,0.000000,
ledger-clerk,river-shark,table=ledger-cellar,8,0,8,0.000000,
ledger-clerk,smiling-knife,table=ledger-cellar,8,0,8,0.000000,
ledger-clerk,velvet-rook,table=ledger-cellar,8,0,8,0.000000,
river-shark,smiling-knife,table=ledger-cellar,8,0,8,0.000000,
river-shark,velvet-rook,table=ledger-cellar,8,0,8,0.000000,
smiling-knife,velvet-rook,table=ledger-cellar,8,0,8,0.000000,
ash-smuggler,calm-widow,table=mirror-hall,16,4,16,0.250000,12/smoky-den/mirror-hall/17/velvet-rook/3/flop/2;31/high-rise-suite/mirror-hall/17/velvet-rook/3/flop/2;50/rooftop-club/mirror-hall/17/velvet-rook/3/flop/2
ash-smuggler,dock-braggart,table=mirror-hall,16,3,16,0.187500,12/smoky-den/mirror-hall/17/velvet-rook/3/flop/2;31/high-rise-suite/mirror-hall/17/velvet-rook/3/flop/2;50/rooftop-club/mirror-hall/17/velvet-rook/3/flop/2
ash-smuggler,house-viper,table=mirror-hall,16,4,16,0.250000,12/smoky-den/mirror-hall/17/velvet-rook/3/flop/2;31/high-rise-suite/mirror-hall/17/velvet-rook/3/flop/2;50/rooftop-club/mirror-hall/17/velvet-rook/3/flop/2
ash-smuggler,ledger-clerk,table=mirror-hall,16,1,16,0.062500,75/neon-poker-club/mirror-hall/17/ledger-clerk/3/preflop/3
ash-smuggler,river-shark,table=mirror-hall,16,0,16,0.000000,
ash-smuggler,smiling-knife,table=mirror-hall,16,3,16,0.187500,12/smoky-den/mirror-hall/17/velvet-rook/3/flop/2;31/high-rise-suite/mirror-hall/17/velvet-rook/3/flop/2;50/rooftop-club/mirror-hall/17/velvet-rook/3/flop/2
ash-smuggler,velvet-rook,table=mirror-hall,16,0,16,0.000000,
calm-widow,dock-braggart,table=mirror-hall,16,1,16,0.062500,75/neon-poker-club/mirror-hall/17/ledger-clerk/3/preflop/3
calm-widow,house-viper,table=mirror-hall,16,0,16,0.000000,
calm-widow,ledger-clerk,table=mirror-hall,16,3,16,0.187500,12/smoky-den/mirror-hall/17/velvet-rook/3/flop/2;31/high-rise-suite/mirror-hall/17/velvet-rook/3/flop/2;50/rooftop-club/mirror-hall/17/velvet-rook/3/flop/2
calm-widow,river-shark,table=mirror-hall,16,4,16,0.250000,12/smoky-den/mirror-hall/17/velvet-rook/3/flop/2;31/high-rise-suite/mirror-hall/17/velvet-rook/3/flop/2;50/rooftop-club/mirror-hall/17/velvet-rook/3/flop/2
calm-widow,smiling-knife,table=mirror-hall,16,1,16,0.062500,75/neon-poker-club/mirror-hall/17/ledger-clerk/3/preflop/3
calm-widow,velvet-rook,table=mirror-hall,16,4,16,0.250000,12/smoky-den/mirror-hall/17/velvet-rook/3/flop/2;31/high-rise-suite/mirror-hall/17/velvet-rook/3/flop/2;50/rooftop-club/mirror-hall/17/velvet-rook/3/flop/2
dock-braggart,house-viper,table=mirror-hall,16,1,16,0.062500,75/neon-poker-club/mirror-hall/17/ledger-clerk/3/preflop/3
dock-braggart,ledger-clerk,table=mirror-hall,16,4,16,0.250000,12/smoky-den/mirror-hall/17/velvet-rook/3/flop/2;31/high-rise-suite/mirror-hall/17/velvet-rook/3/flop/2;50/rooftop-club/mirror-hall/17/velvet-rook/3/flop/2
dock-braggart,river-shark,table=mirror-hall,16,3,16,0.187500,12/smoky-den/mirror-hall/17/velvet-rook/3/flop/2;31/high-rise-suite/mirror-hall/17/velvet-rook/3/flop/2;50/rooftop-club/mirror-hall/17/velvet-rook/3/flop/2
dock-braggart,smiling-knife,table=mirror-hall,16,0,16,0.000000,
dock-braggart,velvet-rook,table=mirror-hall,16,3,16,0.187500,12/smoky-den/mirror-hall/17/velvet-rook/3/flop/2;31/high-rise-suite/mirror-hall/17/velvet-rook/3/flop/2;50/rooftop-club/mirror-hall/17/velvet-rook/3/flop/2
house-viper,ledger-clerk,table=mirror-hall,16,3,16,0.187500,12/smoky-den/mirror-hall/17/velvet-rook/3/flop/2;31/high-rise-suite/mirror-hall/17/velvet-rook/3/flop/2;50/rooftop-club/mirror-hall/17/velvet-rook/3/flop/2
house-viper,river-shark,table=mirror-hall,16,4,16,0.250000,12/smoky-den/mirror-hall/17/velvet-rook/3/flop/2;31/high-rise-suite/mirror-hall/17/velvet-rook/3/flop/2;50/rooftop-club/mirror-hall/17/velvet-rook/3/flop/2
house-viper,smiling-knife,table=mirror-hall,16,1,16,0.062500,75/neon-poker-club/mirror-hall/17/ledger-clerk/3/preflop/3
house-viper,velvet-rook,table=mirror-hall,16,4,16,0.250000,12/smoky-den/mirror-hall/17/velvet-rook/3/flop/2;31/high-rise-suite/mirror-hall/17/velvet-rook/3/flop/2;50/rooftop-club/mirror-hall/17/velvet-rook/3/flop/2
ledger-clerk,river-shark,table=mirror-hall,16,1,16,0.062500,75/neon-poker-club/mirror-hall/17/ledger-clerk/3/preflop/3
ledger-clerk,smiling-knife,table=mirror-hall,16,4,16,0.250000,12/smoky-den/mirror-hall/17/velvet-rook/3/flop/2;31/high-rise-suite/mirror-hall/17/velvet-rook/3/flop/2;50/rooftop-club/mirror-hall/17/velvet-rook/3/flop/2
ledger-clerk,velvet-rook,table=mirror-hall,16,1,16,0.062500,75/neon-poker-club/mirror-hall/17/ledger-clerk/3/preflop/3
river-shark,smiling-knife,table=mirror-hall,16,3,16,0.187500,12/smoky-den/mirror-hall/17/velvet-rook/3/flop/2;31/high-rise-suite/mirror-hall/17/velvet-rook/3/flop/2;50/rooftop-club/mirror-hall/17/velvet-rook/3/flop/2
river-shark,velvet-rook,table=mirror-hall,16,0,16,0.000000,
smiling-knife,velvet-rook,table=mirror-hall,16,3,16,0.187500,12/smoky-den/mirror-hall/17/velvet-rook/3/flop/2;31/high-rise-suite/mirror-hall/17/velvet-rook/3/flop/2;50/rooftop-club/mirror-hall/17/velvet-rook/3/flop/2
ash-smuggler,calm-widow,street=flop,32,9,32,0.281250,7/smoky-den/cargo-table/17/ledger-clerk/2/flop/2;8/smoky-den/cargo-table/17/smiling-knife/2/flop/2;12/smoky-den/mirror-hall/17/velvet-rook/3/flop/2
ash-smuggler,dock-braggart,street=flop,32,6,32,0.187500,8/smoky-den/cargo-table/17/smiling-knife/2/flop/2;12/smoky-den/mirror-hall/17/velvet-rook/3/flop/2;27/high-rise-suite/cargo-table/17/smiling-knife/2/flop/2
ash-smuggler,house-viper,street=flop,32,6,32,0.187500,8/smoky-den/cargo-table/17/smiling-knife/2/flop/2;12/smoky-den/mirror-hall/17/velvet-rook/3/flop/2;27/high-rise-suite/cargo-table/17/smiling-knife/2/flop/2
ash-smuggler,ledger-clerk,street=flop,32,3,32,0.093750,9/smoky-den/cargo-table/17/ledger-clerk/2/flop/2;28/high-rise-suite/cargo-table/17/ledger-clerk/2/flop/2;47/rooftop-club/cargo-table/17/ledger-clerk/2/flop/2
ash-smuggler,river-shark,street=flop,32,3,32,0.093750,8/smoky-den/cargo-table/17/smiling-knife/2/flop/2;27/high-rise-suite/cargo-table/17/smiling-knife/2/flop/2;46/rooftop-club/cargo-table/17/smiling-knife/2/flop/2
ash-smuggler,smiling-knife,street=flop,32,7,32,0.218750,8/smoky-den/cargo-table/17/smiling-knife/2/flop/2;12/smoky-den/mirror-hall/17/velvet-rook/3/flop/2;27/high-rise-suite/cargo-table/17/smiling-knife/2/flop/2
ash-smuggler,velvet-rook,street=flop,32,3,32,0.093750,1/smoky-den/cargo-table/1/house-viper/1/flop/2;20/high-rise-suite/cargo-table/1/house-viper/1/flop/2;39/rooftop-club/cargo-table/1/house-viper/1/flop/2
calm-widow,dock-braggart,street=flop,32,3,32,0.093750,7/smoky-den/cargo-table/17/ledger-clerk/2/flop/2;26/high-rise-suite/cargo-table/17/ledger-clerk/2/flop/2;45/rooftop-club/cargo-table/17/ledger-clerk/2/flop/2
calm-widow,house-viper,street=flop,32,3,32,0.093750,7/smoky-den/cargo-table/17/ledger-clerk/2/flop/2;26/high-rise-suite/cargo-table/17/ledger-clerk/2/flop/2;45/rooftop-club/cargo-table/17/ledger-clerk/2/flop/2
calm-widow,ledger-clerk,street=flop,32,12,32,0.375000,7/smoky-den/cargo-table/17/ledger-clerk/2/flop/2;8/smoky-den/cargo-table/17/smiling-knife/2/flop/2;9/smoky-den/cargo-table/17/ledger-clerk/2/flop/2
calm-widow,river-shark,street=flop,32,6,32,0.187500,7/smoky-den/cargo-table/17/ledger-clerk/2/flop/2;12/smoky-den/mirror-hall/17/velvet-rook/3/flop/2;26/high-rise-suite/cargo-table/17/ledger-clerk/2/flop/2
calm-widow,smiling-knife,street=flop,32,4,32,0.125000,7/smoky-den/cargo-table/17/ledger-clerk/2/flop/2;26/high-rise-suite/cargo-table/17/ledger-clerk/2/flop/2;45/rooftop-club/cargo-table/17/ledger-clerk/2/flop/2
calm-widow,velvet-rook,street=flop,32,12,32,0.375000,1/smoky-den/cargo-table/1/house-viper/1/flop/2;7/smoky-den/cargo-table/17/ledger-clerk/2/flop/2;8/smoky-den/cargo-table/17/smiling-knife/2/flop/2
dock-braggart,house-viper,street=flop,32,0,32,0.000000,
dock-braggart,ledger-clerk,street=flop,32,9,32,0.281250,8/smoky-den/cargo-table/17/smiling-knife/2/flop/2;9/smoky-den/cargo-table/17/ledger-clerk/2/flop/2;12/smoky-den/mirror-hall/17/velvet-rook/3/flop/2
dock-braggart,river-shark,street=flop,32,3,32,0.093750,12/smoky-den/mirror-hall/17/velvet-rook/3/flop/2;31/high-rise-suite/mirror-hall/17/velvet-rook/3/flop/2;50/rooftop-club/mirror-hall/17/velvet-rook/3/flop/2
dock-braggart,smiling-knife,street=flop,32,1,32,0.031250,62/neon-poker-club/cargo-table/17/calm-widow/2/flop/3
dock-braggart,velvet-rook,street=flop,32,9,32,0.281250,1/smoky-den/cargo-table/1/house-viper/1/flop/2;8/smoky-den/cargo-table/17/smiling-knife/2/flop/2;12/smoky-den/mirror-hall/17/velvet-rook/3/flop/2
house-viper,ledger-clerk,street=flop,32,9,32,0.281250,8/smoky-den/cargo-table/17/smiling-knife/2/flop/2;9/smoky-den/cargo-table/17/ledger-clerk/2/flop/2;12/smoky-den/mirror-hall/17/velvet-rook/3/flop/2
house-viper,river-shark,street=flop,32,3,32,0.093750,12/smoky-den/mirror-hall/17/velvet-rook/3/flop/2;31/high-rise-suite/mirror-hall/17/velvet-rook/3/flop/2;50/rooftop-club/mirror-hall/17/velvet-rook/3/flop/2
house-viper,smiling-knife,street=flop,32,1,32,0.031250,62/neon-poker-club/cargo-table/17/calm-widow/2/flop/3
house-viper,velvet-rook,street=flop,32,9,32,0.281250,1/smoky-den/cargo-table/1/house-viper/1/flop/2;8/smoky-den/cargo-table/17/smiling-knife/2/flop/2;12/smoky-den/mirror-hall/17/velvet-rook/3/flop/2
ledger-clerk,river-shark,street=flop,32,6,32,0.187500,8/smoky-den/cargo-table/17/smiling-knife/2/flop/2;9/smoky-den/cargo-table/17/ledger-clerk/2/flop/2;27/high-rise-suite/cargo-table/17/smiling-knife/2/flop/2
ledger-clerk,smiling-knife,street=flop,32,10,32,0.312500,8/smoky-den/cargo-table/17/smiling-knife/2/flop/2;9/smoky-den/cargo-table/17/ledger-clerk/2/flop/2;12/smoky-den/mirror-hall/17/velvet-rook/3/flop/2
ledger-clerk,velvet-rook,street=flop,32,6,32,0.187500,1/smoky-den/cargo-table/1/house-viper/1/flop/2;9/smoky-den/cargo-table/17/ledger-clerk/2/flop/2;20/high-rise-suite/cargo-table/1/house-viper/1/flop/2
river-shark,smiling-knife,street=flop,32,4,32,0.125000,12/smoky-den/mirror-hall/17/velvet-rook/3/flop/2;31/high-rise-suite/mirror-hall/17/velvet-rook/3/flop/2;50/rooftop-club/mirror-hall/17/velvet-rook/3/flop/2
river-shark,velvet-rook,street=flop,32,6,32,0.187500,1/smoky-den/cargo-table/1/house-viper/1/flop/2;8/smoky-den/cargo-table/17/smiling-knife/2/flop/2;20/high-rise-suite/cargo-table/1/house-viper/1/flop/2
smiling-knife,velvet-rook,street=flop,32,10,32,0.312500,1/smoky-den/cargo-table/1/house-viper/1/flop/2;8/smoky-den/cargo-table/17/smiling-knife/2/flop/2;12/smoky-den/mirror-hall/17/velvet-rook/3/flop/2
ash-smuggler,calm-widow,street=preflop,39,6,39,0.153846,5/smoky-den/cargo-table/17/smiling-knife/2/preflop/2;24/high-rise-suite/cargo-table/17/smiling-knife/2/preflop/2;43/rooftop-club/cargo-table/17/smiling-knife/2/preflop/2
ash-smuggler,dock-braggart,street=preflop,39,10,39,0.256410,2/smoky-den/cargo-table/1/smiling-knife/2/preflop/2;17/smoky-den/embers-table/43/calm-widow/3/preflop/2;18/smoky-den/embers-table/79/river-shark/2/preflop/2
ash-smuggler,house-viper,street=preflop,39,2,39,0.051282,65/neon-poker-club/cargo-table/79/house-viper/2/preflop/2;75/neon-poker-club/mirror-hall/17/ledger-clerk/3/preflop/3
ash-smuggler,ledger-clerk,street=preflop,39,4,39,0.102564,59/neon-poker-club/cargo-table/17/ash-smuggler/2/preflop/2;64/neon-poker-club/cargo-table/79/ash-smuggler/2/preflop/2;65/neon-poker-club/cargo-table/79/house-viper/2/preflop/2
ash-smuggler,river-shark,street=preflop,39,1,39,0.025641,65/neon-poker-club/cargo-table/79/house-viper/2/preflop/2
ash-smuggler,smiling-knife,street=preflop,39,0,39,0.000000,
ash-smuggler,velvet-rook,street=preflop,39,14,39,0.358974,2/smoky-den/cargo-table/1/smiling-knife/2/preflop/2;17/smoky-den/embers-table/43/calm-widow/3/preflop/2;18/smoky-den/embers-table/79/river-shark/2/preflop/2
calm-widow,dock-braggart,street=preflop,39,15,39,0.384615,2/smoky-den/cargo-table/1/smiling-knife/2/preflop/2;5/smoky-den/cargo-table/17/smiling-knife/2/preflop/2;17/smoky-den/embers-table/43/calm-widow/3/preflop/2
calm-widow,house-viper,street=preflop,39,6,39,0.153846,5/smoky-den/cargo-table/17/smiling-knife/2/preflop/2;24/high-rise-suite/cargo-table/17/smiling-knife/2/preflop/2;43/rooftop-club/cargo-table/17/smiling-knife/2/preflop/2
calm-widow,ledger-clerk,street=preflop,39,6,39,0.153846,5/smoky-den/cargo-table/17/smiling-knife/2/preflop/2;24/high-rise-suite/cargo-table/17/smiling-knife/2/preflop/2;43/rooftop-club/cargo-table/17/smiling-knife/2/preflop/2
calm-widow,river-shark,street=preflop,39,7,39,0.179487,5/smoky-den/cargo-table/17/smiling-knife/2/preflop/2;24/high-rise-suite/cargo-table/17/smiling-knife/2/preflop/2;43/rooftop-club/cargo-table/17/smiling-knife/2/preflop/2
calm-widow,smiling-knife,street=preflop,39,6,39,0.153846,5/smoky-den/cargo-table/17/smiling-knife/2/preflop/2;24/high-rise-suite/cargo-table/17/smiling-knife/2/preflop/2;43/rooftop-club/cargo-table/17/smiling-knife/2/preflop/2
calm-widow,velvet-rook,street=preflop,39,19,39,0.487179,2/smoky-den/cargo-table/1/smiling-knife/2/preflop/2;5/smoky-den/cargo-table/17/smiling-knife/2/preflop/2;17/smoky-den/embers-table/43/calm-widow/3/preflop/2
dock-braggart,house-viper,street=preflop,39,12,39,0.307692,2/smoky-den/cargo-table/1/smiling-knife/2/preflop/2;17/smoky-den/embers-table/43/calm-widow/3/preflop/2;18/smoky-den/embers-table/79/river-shark/2/preflop/2
dock-braggart,ledger-clerk,street=preflop,39,14,39,0.358974,2/smoky-den/cargo-table/1/smiling-knife/2/preflop/2;17/smoky-den/embers-table/43/calm-widow/3/preflop/2;18/smoky-den/embers-table/79/river-shark/2/preflop/2
dock-braggart,river-shark,street=preflop,39,11,39,0.282051,2/smoky-den/cargo-table/1/smiling-knife/2/preflop/2;17/smoky-den/embers-table/43/calm-widow/3/preflop/2;18/smoky-den/embers-table/79/river-shark/2/preflop/2
dock-braggart,smiling-knife,street=preflop,39,10,39,0.256410,2/smoky-den/cargo-table/1/smiling-knife/2/preflop/2;17/smoky-den/embers-table/43/calm-widow/3/preflop/2;18/smoky-den/embers-table/79/river-shark/2/preflop/2
dock-braggart,velvet-rook,street=preflop,39,7,39,0.179487,2/smoky-den/cargo-table/1/smiling-knife/2/preflop/2;19/smoky-den/embers-table/79/river-shark/3/preflop/2;21/high-rise-suite/cargo-table/1/smiling-knife/2/preflop/2
house-viper,ledger-clerk,street=preflop,39,2,39,0.051282,59/neon-poker-club/cargo-table/17/ash-smuggler/2/preflop/2;64/neon-poker-club/cargo-table/79/ash-smuggler/2/preflop/2
house-viper,river-shark,street=preflop,39,1,39,0.025641,75/neon-poker-club/mirror-hall/17/ledger-clerk/3/preflop/3
house-viper,smiling-knife,street=preflop,39,2,39,0.051282,65/neon-poker-club/cargo-table/79/house-viper/2/preflop/2;75/neon-poker-club/mirror-hall/17/ledger-clerk/3/preflop/3
house-viper,velvet-rook,street=preflop,39,14,39,0.358974,2/smoky-den/cargo-table/1/smiling-knife/2/preflop/2;17/smoky-den/embers-table/43/calm-widow/3/preflop/2;18/smoky-den/embers-table/79/river-shark/2/preflop/2
ledger-clerk,river-shark,street=preflop,39,3,39,0.076923,59/neon-poker-club/cargo-table/17/ash-smuggler/2/preflop/2;64/neon-poker-club/cargo-table/79/ash-smuggler/2/preflop/2;75/neon-poker-club/mirror-hall/17/ledger-clerk/3/preflop/3
ledger-clerk,smiling-knife,street=preflop,39,4,39,0.102564,59/neon-poker-club/cargo-table/17/ash-smuggler/2/preflop/2;64/neon-poker-club/cargo-table/79/ash-smuggler/2/preflop/2;65/neon-poker-club/cargo-table/79/house-viper/2/preflop/2
ledger-clerk,velvet-rook,street=preflop,39,16,39,0.410256,2/smoky-den/cargo-table/1/smiling-knife/2/preflop/2;17/smoky-den/embers-table/43/calm-widow/3/preflop/2;18/smoky-den/embers-table/79/river-shark/2/preflop/2
river-shark,smiling-knife,street=preflop,39,1,39,0.025641,65/neon-poker-club/cargo-table/79/house-viper/2/preflop/2
river-shark,velvet-rook,street=preflop,39,13,39,0.333333,2/smoky-den/cargo-table/1/smiling-knife/2/preflop/2;17/smoky-den/embers-table/43/calm-widow/3/preflop/2;18/smoky-den/embers-table/79/river-shark/2/preflop/2
smiling-knife,velvet-rook,street=preflop,39,14,39,0.358974,2/smoky-den/cargo-table/1/smiling-knife/2/preflop/2;17/smoky-den/embers-table/43/calm-widow/3/preflop/2;18/smoky-den/embers-table/79/river-shark/2/preflop/2
ash-smuggler,calm-widow,street=turn,7,0,7,0.000000,
ash-smuggler,dock-braggart,street=turn,7,0,7,0.000000,
ash-smuggler,house-viper,street=turn,7,0,7,0.000000,
ash-smuggler,ledger-clerk,street=turn,7,0,7,0.000000,
ash-smuggler,river-shark,street=turn,7,0,7,0.000000,
ash-smuggler,smiling-knife,street=turn,7,0,7,0.000000,
ash-smuggler,velvet-rook,street=turn,7,2,7,0.285714,58/neon-poker-club/cargo-table/17/ash-smuggler/1/turn/2;69/neon-poker-club/cargo-table/79/ash-smuggler/2/turn/2
calm-widow,dock-braggart,street=turn,7,0,7,0.000000,
calm-widow,house-viper,street=turn,7,0,7,0.000000,
calm-widow,ledger-clerk,street=turn,7,0,7,0.000000,
calm-widow,river-shark,street=turn,7,0,7,0.000000,
calm-widow,smiling-knife,street=turn,7,0,7,0.000000,
calm-widow,velvet-rook,street=turn,7,2,7,0.285714,58/neon-poker-club/cargo-table/17/ash-smuggler/1/turn/2;69/neon-poker-club/cargo-table/79/ash-smuggler/2/turn/2
dock-braggart,house-viper,street=turn,7,0,7,0.000000,
dock-braggart,ledger-clerk,street=turn,7,0,7,0.000000,
dock-braggart,river-shark,street=turn,7,0,7,0.000000,
dock-braggart,smiling-knife,street=turn,7,0,7,0.000000,
dock-braggart,velvet-rook,street=turn,7,2,7,0.285714,58/neon-poker-club/cargo-table/17/ash-smuggler/1/turn/2;69/neon-poker-club/cargo-table/79/ash-smuggler/2/turn/2
house-viper,ledger-clerk,street=turn,7,0,7,0.000000,
house-viper,river-shark,street=turn,7,0,7,0.000000,
house-viper,smiling-knife,street=turn,7,0,7,0.000000,
house-viper,velvet-rook,street=turn,7,2,7,0.285714,58/neon-poker-club/cargo-table/17/ash-smuggler/1/turn/2;69/neon-poker-club/cargo-table/79/ash-smuggler/2/turn/2
ledger-clerk,river-shark,street=turn,7,0,7,0.000000,
ledger-clerk,smiling-knife,street=turn,7,0,7,0.000000,
ledger-clerk,velvet-rook,street=turn,7,2,7,0.285714,58/neon-poker-club/cargo-table/17/ash-smuggler/1/turn/2;69/neon-poker-club/cargo-table/79/ash-smuggler/2/turn/2
river-shark,smiling-knife,street=turn,7,0,7,0.000000,
river-shark,velvet-rook,street=turn,7,2,7,0.285714,58/neon-poker-club/cargo-table/17/ash-smuggler/1/turn/2;69/neon-poker-club/cargo-table/79/ash-smuggler/2/turn/2
smiling-knife,velvet-rook,street=turn,7,2,7,0.285714,58/neon-poker-club/cargo-table/17/ash-smuggler/1/turn/2;69/neon-poker-club/cargo-table/79/ash-smuggler/2/turn/2
ash-smuggler,calm-widow,legal_actions=2,17,3,17,0.176471,12/smoky-den/mirror-hall/17/velvet-rook/3/flop/2;31/high-rise-suite/mirror-hall/17/velvet-rook/3/flop/2;50/rooftop-club/mirror-hall/17/velvet-rook/3/flop/2
ash-smuggler,dock-braggart,legal_actions=2,17,3,17,0.176471,12/smoky-den/mirror-hall/17/velvet-rook/3/flop/2;31/high-rise-suite/mirror-hall/17/velvet-rook/3/flop/2;50/rooftop-club/mirror-hall/17/velvet-rook/3/flop/2
ash-smuggler,house-viper,legal_actions=2,17,3,17,0.176471,12/smoky-den/mirror-hall/17/velvet-rook/3/flop/2;31/high-rise-suite/mirror-hall/17/velvet-rook/3/flop/2;50/rooftop-club/mirror-hall/17/velvet-rook/3/flop/2
ash-smuggler,ledger-clerk,legal_actions=2,17,0,17,0.000000,
ash-smuggler,river-shark,legal_actions=2,17,0,17,0.000000,
ash-smuggler,smiling-knife,legal_actions=2,17,4,17,0.235294,12/smoky-den/mirror-hall/17/velvet-rook/3/flop/2;31/high-rise-suite/mirror-hall/17/velvet-rook/3/flop/2;50/rooftop-club/mirror-hall/17/velvet-rook/3/flop/2
ash-smuggler,velvet-rook,legal_actions=2,17,0,17,0.000000,
calm-widow,dock-braggart,legal_actions=2,17,0,17,0.000000,
calm-widow,house-viper,legal_actions=2,17,0,17,0.000000,
calm-widow,ledger-clerk,legal_actions=2,17,3,17,0.176471,12/smoky-den/mirror-hall/17/velvet-rook/3/flop/2;31/high-rise-suite/mirror-hall/17/velvet-rook/3/flop/2;50/rooftop-club/mirror-hall/17/velvet-rook/3/flop/2
calm-widow,river-shark,legal_actions=2,17,3,17,0.176471,12/smoky-den/mirror-hall/17/velvet-rook/3/flop/2;31/high-rise-suite/mirror-hall/17/velvet-rook/3/flop/2;50/rooftop-club/mirror-hall/17/velvet-rook/3/flop/2
calm-widow,smiling-knife,legal_actions=2,17,1,17,0.058824,62/neon-poker-club/cargo-table/17/calm-widow/2/flop/3
calm-widow,velvet-rook,legal_actions=2,17,3,17,0.176471,12/smoky-den/mirror-hall/17/velvet-rook/3/flop/2;31/high-rise-suite/mirror-hall/17/velvet-rook/3/flop/2;50/rooftop-club/mirror-hall/17/velvet-rook/3/flop/2
dock-braggart,house-viper,legal_actions=2,17,0,17,0.000000,
dock-braggart,ledger-clerk,legal_actions=2,17,3,17,0.176471,12/smoky-den/mirror-hall/17/velvet-rook/3/flop/2;31/high-rise-suite/mirror-hall/17/velvet-rook/3/flop/2;50/rooftop-club/mirror-hall/17/velvet-rook/3/flop/2
dock-braggart,river-shark,legal_actions=2,17,3,17,0.176471,12/smoky-den/mirror-hall/17/velvet-rook/3/flop/2;31/high-rise-suite/mirror-hall/17/velvet-rook/3/flop/2;50/rooftop-club/mirror-hall/17/velvet-rook/3/flop/2
dock-braggart,smiling-knife,legal_actions=2,17,1,17,0.058824,62/neon-poker-club/cargo-table/17/calm-widow/2/flop/3
dock-braggart,velvet-rook,legal_actions=2,17,3,17,0.176471,12/smoky-den/mirror-hall/17/velvet-rook/3/flop/2;31/high-rise-suite/mirror-hall/17/velvet-rook/3/flop/2;50/rooftop-club/mirror-hall/17/velvet-rook/3/flop/2
house-viper,ledger-clerk,legal_actions=2,17,3,17,0.176471,12/smoky-den/mirror-hall/17/velvet-rook/3/flop/2;31/high-rise-suite/mirror-hall/17/velvet-rook/3/flop/2;50/rooftop-club/mirror-hall/17/velvet-rook/3/flop/2
house-viper,river-shark,legal_actions=2,17,3,17,0.176471,12/smoky-den/mirror-hall/17/velvet-rook/3/flop/2;31/high-rise-suite/mirror-hall/17/velvet-rook/3/flop/2;50/rooftop-club/mirror-hall/17/velvet-rook/3/flop/2
house-viper,smiling-knife,legal_actions=2,17,1,17,0.058824,62/neon-poker-club/cargo-table/17/calm-widow/2/flop/3
house-viper,velvet-rook,legal_actions=2,17,3,17,0.176471,12/smoky-den/mirror-hall/17/velvet-rook/3/flop/2;31/high-rise-suite/mirror-hall/17/velvet-rook/3/flop/2;50/rooftop-club/mirror-hall/17/velvet-rook/3/flop/2
ledger-clerk,river-shark,legal_actions=2,17,0,17,0.000000,
ledger-clerk,smiling-knife,legal_actions=2,17,4,17,0.235294,12/smoky-den/mirror-hall/17/velvet-rook/3/flop/2;31/high-rise-suite/mirror-hall/17/velvet-rook/3/flop/2;50/rooftop-club/mirror-hall/17/velvet-rook/3/flop/2
ledger-clerk,velvet-rook,legal_actions=2,17,0,17,0.000000,
river-shark,smiling-knife,legal_actions=2,17,4,17,0.235294,12/smoky-den/mirror-hall/17/velvet-rook/3/flop/2;31/high-rise-suite/mirror-hall/17/velvet-rook/3/flop/2;50/rooftop-club/mirror-hall/17/velvet-rook/3/flop/2
river-shark,velvet-rook,legal_actions=2,17,0,17,0.000000,
smiling-knife,velvet-rook,legal_actions=2,17,4,17,0.235294,12/smoky-den/mirror-hall/17/velvet-rook/3/flop/2;31/high-rise-suite/mirror-hall/17/velvet-rook/3/flop/2;50/rooftop-club/mirror-hall/17/velvet-rook/3/flop/2
ash-smuggler,calm-widow,legal_actions=3,35,2,35,0.057143,59/neon-poker-club/cargo-table/17/ash-smuggler/2/preflop/2;75/neon-poker-club/mirror-hall/17/ledger-clerk/3/preflop/3
ash-smuggler,dock-braggart,legal_actions=3,35,3,35,0.085714,18/smoky-den/embers-table/79/river-shark/2/preflop/2;37/high-rise-suite/embers-table/79/river-shark/2/preflop/2;56/rooftop-club/embers-table/79/river-shark/2/preflop/2
ash-smuggler,house-viper,legal_actions=3,35,1,35,0.028571,75/neon-poker-club/mirror-hall/17/ledger-clerk/3/preflop/3
ash-smuggler,ledger-clerk,legal_actions=3,35,2,35,0.057143,59/neon-poker-club/cargo-table/17/ash-smuggler/2/preflop/2;75/neon-poker-club/mirror-hall/17/ledger-clerk/3/preflop/3
ash-smuggler,river-shark,legal_actions=3,35,0,35,0.000000,
ash-smuggler,smiling-knife,legal_actions=3,35,0,35,0.000000,
ash-smuggler,velvet-rook,legal_actions=3,35,11,35,0.314286,1/smoky-den/cargo-table/1/house-viper/1/flop/2;18/smoky-den/embers-table/79/river-shark/2/preflop/2;19/smoky-den/embers-table/79/river-shark/3/preflop/2
calm-widow,dock-braggart,legal_actions=3,35,5,35,0.142857,18/smoky-den/embers-table/79/river-shark/2/preflop/2;37/high-rise-suite/embers-table/79/river-shark/2/preflop/2;56/rooftop-club/embers-table/79/river-shark/2/preflop/2
calm-widow,house-viper,legal_actions=3,35,1,35,0.028571,59/neon-poker-club/cargo-table/17/ash-smuggler/2/preflop/2
calm-widow,ledger-clerk,legal_actions=3,35,0,35,0.000000,
calm-widow,river-shark,legal_actions=3,35,2,35,0.057143,59/neon-poker-club/cargo-table/17/ash-smuggler/2/preflop/2;75/neon-poker-club/mirror-hall/17/ledger-clerk/3/preflop/3
calm-widow,smiling-knife,legal_actions=3,35,2,35,0.057143,59/neon-poker-club/cargo-table/17/ash-smuggler/2/preflop/2;75/neon-poker-club/mirror-hall/17/ledger-clerk/3/preflop/3
calm-widow,velvet-rook,legal_actions=3,35,13,35,0.371429,1/smoky-den/cargo-table/1/house-viper/1/flop/2;18/smoky-den/embers-table/79/river-shark/2/preflop/2;19/smoky-den/embers-table/79/river-shark/3/preflop/2
dock-braggart,house-viper,legal_actions=3,35,4,35,0.114286,18/smoky-den/embers-table/79/river-shark/2/preflop/2;37/high-rise-suite/embers-table/79/river-shark/2/preflop/2;56/rooftop-club/embers-table/79/river-shark/2/preflop/2
dock-braggart,ledger-clerk,legal_actions=3,35,5,35,0.142857,18/smoky-den/embers-table/79/river-shark/2/preflop/2;37/high-rise-suite/embers-table/79/river-shark/2/preflop/2;56/rooftop-club/embers-table/79/river-shark/2/preflop/2
dock-braggart,river-shark,legal_actions=3,35,3,35,0.085714,18/smoky-den/embers-table/79/river-shark/2/preflop/2;37/high-rise-suite/embers-table/79/river-shark/2/preflop/2;56/rooftop-club/embers-table/79/river-shark/2/preflop/2
dock-braggart,smiling-knife,legal_actions=3,35,3,35,0.085714,18/smoky-den/embers-table/79/river-shark/2/preflop/2;37/high-rise-suite/embers-table/79/river-shark/2/preflop/2;56/rooftop-club/embers-table/79/river-shark/2/preflop/2
dock-braggart,velvet-rook,legal_actions=3,35,8,35,0.228571,1/smoky-den/cargo-table/1/house-viper/1/flop/2;19/smoky-den/embers-table/79/river-shark/3/preflop/2;20/high-rise-suite/cargo-table/1/house-viper/1/flop/2
house-viper,ledger-clerk,legal_actions=3,35,1,35,0.028571,59/neon-poker-club/cargo-table/17/ash-smuggler/2/preflop/2
house-viper,river-shark,legal_actions=3,35,1,35,0.028571,75/neon-poker-club/mirror-hall/17/ledger-clerk/3/preflop/3
house-viper,smiling-knife,legal_actions=3,35,1,35,0.028571,75/neon-poker-club/mirror-hall/17/ledger-clerk/3/preflop/3
house-viper,velvet-rook,legal_actions=3,35,12,35,0.342857,1/smoky-den/cargo-table/1/house-viper/1/flop/2;18/smoky-den/embers-table/79/river-shark/2/preflop/2;19/smoky-den/embers-table/79/river-shark/3/preflop/2
ledger-clerk,river-shark,legal_actions=3,35,2,35,0.057143,59/neon-poker-club/cargo-table/17/ash-smuggler/2/preflop/2;75/neon-poker-club/mirror-hall/17/ledger-clerk/3/preflop/3
ledger-clerk,smiling-knife,legal_actions=3,35,2,35,0.057143,59/neon-poker-club/cargo-table/17/ash-smuggler/2/preflop/2;75/neon-poker-club/mirror-hall/17/ledger-clerk/3/preflop/3
ledger-clerk,velvet-rook,legal_actions=3,35,13,35,0.371429,1/smoky-den/cargo-table/1/house-viper/1/flop/2;18/smoky-den/embers-table/79/river-shark/2/preflop/2;19/smoky-den/embers-table/79/river-shark/3/preflop/2
river-shark,smiling-knife,legal_actions=3,35,0,35,0.000000,
river-shark,velvet-rook,legal_actions=3,35,11,35,0.314286,1/smoky-den/cargo-table/1/house-viper/1/flop/2;18/smoky-den/embers-table/79/river-shark/2/preflop/2;19/smoky-den/embers-table/79/river-shark/3/preflop/2
smiling-knife,velvet-rook,legal_actions=3,35,11,35,0.314286,1/smoky-den/cargo-table/1/house-viper/1/flop/2;18/smoky-den/embers-table/79/river-shark/2/preflop/2;19/smoky-den/embers-table/79/river-shark/3/preflop/2
ash-smuggler,calm-widow,legal_actions=4,26,10,26,0.384615,5/smoky-den/cargo-table/17/smiling-knife/2/preflop/2;7/smoky-den/cargo-table/17/ledger-clerk/2/flop/2;8/smoky-den/cargo-table/17/smiling-knife/2/flop/2
ash-smuggler,dock-braggart,legal_actions=4,26,10,26,0.384615,2/smoky-den/cargo-table/1/smiling-knife/2/preflop/2;8/smoky-den/cargo-table/17/smiling-knife/2/flop/2;17/smoky-den/embers-table/43/calm-widow/3/preflop/2
ash-smuggler,house-viper,legal_actions=4,26,4,26,0.153846,8/smoky-den/cargo-table/17/smiling-knife/2/flop/2;27/high-rise-suite/cargo-table/17/smiling-knife/2/flop/2;46/rooftop-club/cargo-table/17/smiling-knife/2/flop/2
ash-smuggler,ledger-clerk,legal_actions=4,26,5,26,0.192308,9/smoky-den/cargo-table/17/ledger-clerk/2/flop/2;28/high-rise-suite/cargo-table/17/ledger-clerk/2/flop/2;47/rooftop-club/cargo-table/17/ledger-clerk/2/flop/2
ash-smuggler,river-shark,legal_actions=4,26,4,26,0.153846,8/smoky-den/cargo-table/17/smiling-knife/2/flop/2;27/high-rise-suite/cargo-table/17/smiling-knife/2/flop/2;46/rooftop-club/cargo-table/17/smiling-knife/2/flop/2
ash-smuggler,smiling-knife,legal_actions=4,26,3,26,0.115385,8/smoky-den/cargo-table/17/smiling-knife/2/flop/2;27/high-rise-suite/cargo-table/17/smiling-knife/2/flop/2;46/rooftop-club/cargo-table/17/smiling-knife/2/flop/2
ash-smuggler,velvet-rook,legal_actions=4,26,8,26,0.307692,2/smoky-den/cargo-table/1/smiling-knife/2/preflop/2;17/smoky-den/embers-table/43/calm-widow/3/preflop/2;21/high-rise-suite/cargo-table/1/smiling-knife/2/preflop/2
calm-widow,dock-braggart,legal_actions=4,26,13,26,0.500000,2/smoky-den/cargo-table/1/smiling-knife/2/preflop/2;5/smoky-den/cargo-table/17/smiling-knife/2/preflop/2;7/smoky-den/cargo-table/17/ledger-clerk/2/flop/2
calm-widow,house-viper,legal_actions=4,26,8,26,0.307692,5/smoky-den/cargo-table/17/smiling-knife/2/preflop/2;7/smoky-den/cargo-table/17/ledger-clerk/2/flop/2;24/high-rise-suite/cargo-table/17/smiling-knife/2/preflop/2
calm-widow,ledger-clerk,legal_actions=4,26,15,26,0.576923,5/smoky-den/cargo-table/17/smiling-knife/2/preflop/2;7/smoky-den/cargo-table/17/ledger-clerk/2/flop/2;8/smoky-den/cargo-table/17/smiling-knife/2/flop/2
calm-widow,river-shark,legal_actions=4,26,8,26,0.307692,5/smoky-den/cargo-table/17/smiling-knife/2/preflop/2;7/smoky-den/cargo-table/17/ledger-clerk/2/flop/2;24/high-rise-suite/cargo-table/17/smiling-knife/2/preflop/2
calm-widow,smiling-knife,legal_actions=4,26,7,26,0.269231,5/smoky-den/cargo-table/17/smiling-knife/2/preflop/2;7/smoky-den/cargo-table/17/ledger-clerk/2/flop/2;24/high-rise-suite/cargo-table/17/smiling-knife/2/preflop/2
calm-widow,velvet-rook,legal_actions=4,26,17,26,0.653846,2/smoky-den/cargo-table/1/smiling-knife/2/preflop/2;5/smoky-den/cargo-table/17/smiling-knife/2/preflop/2;7/smoky-den/cargo-table/17/ledger-clerk/2/flop/2
dock-braggart,house-viper,legal_actions=4,26,8,26,0.307692,2/smoky-den/cargo-table/1/smiling-knife/2/preflop/2;17/smoky-den/embers-table/43/calm-widow/3/preflop/2;21/high-rise-suite/cargo-table/1/smiling-knife/2/preflop/2
dock-braggart,ledger-clerk,legal_actions=4,26,15,26,0.576923,2/smoky-den/cargo-table/1/smiling-knife/2/preflop/2;8/smoky-den/cargo-table/17/smiling-knife/2/flop/2;9/smoky-den/cargo-table/17/ledger-clerk/2/flop/2
dock-braggart,river-shark,legal_actions=4,26,8,26,0.307692,2/smoky-den/cargo-table/1/smiling-knife/2/preflop/2;17/smoky-den/embers-table/43/calm-widow/3/preflop/2;21/high-rise-suite/cargo-table/1/smiling-knife/2/preflop/2
dock-braggart,smiling-knife,legal_actions=4,26,7,26,0.269231,2/smoky-den/cargo-table/1/smiling-knife/2/preflop/2;17/smoky-den/embers-table/43/calm-widow/3/preflop/2;21/high-rise-suite/cargo-table/1/smiling-knife/2/preflop/2
dock-braggart,velvet-rook,legal_actions=4,26,7,26,0.269231,2/smoky-den/cargo-table/1/smiling-knife/2/preflop/2;8/smoky-den/cargo-table/17/smiling-knife/2/flop/2;21/high-rise-suite/cargo-table/1/smiling-knife/2/preflop/2
house-viper,ledger-clerk,legal_actions=4,26,7,26,0.269231,8/smoky-den/cargo-table/17/smiling-knife/2/flop/2;9/smoky-den/cargo-table/17/ledger-clerk/2/flop/2;27/high-rise-suite/cargo-table/17/smiling-knife/2/flop/2
house-viper,river-shark,legal_actions=4,26,0,26,0.000000,
house-viper,smiling-knife,legal_actions=4,26,1,26,0.038462,65/neon-poker-club/cargo-table/79/house-viper/2/preflop/2
house-viper,velvet-rook,legal_actions=4,26,10,26,0.384615,2/smoky-den/cargo-table/1/smiling-knife/2/preflop/2;8/smoky-den/cargo-table/17/smiling-knife/2/flop/2;17/smoky-den/embers-table/43/calm-widow/3/preflop/2
ledger-clerk,river-shark,legal_actions=4,26,7,26,0.269231,8/smoky-den/cargo-table/17/smiling-knife/2/flop/2;9/smoky-den/cargo-table/17/ledger-clerk/2/flop/2;27/high-rise-suite/cargo-table/17/smiling-knife/2/flop/2
ledger-clerk,smiling-knife,legal_actions=4,26,8,26,0.307692,8/smoky-den/cargo-table/17/smiling-knife/2/flop/2;9/smoky-den/cargo-table/17/ledger-clerk/2/flop/2;27/high-rise-suite/cargo-table/17/smiling-knife/2/flop/2
ledger-clerk,velvet-rook,legal_actions=4,26,11,26,0.423077,2/smoky-den/cargo-table/1/smiling-knife/2/preflop/2;9/smoky-den/cargo-table/17/ledger-clerk/2/flop/2;17/smoky-den/embers-table/43/calm-widow/3/preflop/2
river-shark,smiling-knife,legal_actions=4,26,1,26,0.038462,65/neon-poker-club/cargo-table/79/house-viper/2/preflop/2
river-shark,velvet-rook,legal_actions=4,26,10,26,0.384615,2/smoky-den/cargo-table/1/smiling-knife/2/preflop/2;8/smoky-den/cargo-table/17/smiling-knife/2/flop/2;17/smoky-den/embers-table/43/calm-widow/3/preflop/2
smiling-knife,velvet-rook,legal_actions=4,26,11,26,0.423077,2/smoky-den/cargo-table/1/smiling-knife/2/preflop/2;8/smoky-den/cargo-table/17/smiling-knife/2/flop/2;17/smoky-den/embers-table/43/calm-widow/3/preflop/2
